CaseMasterID,CrimeNo,CaseNo,CrimeRegisteredDate,PolicePersonID,PoliceStationID,CaseCategoryID,GravityOffenceID,CrimeMajorHeadID,CrimeMinorHeadID,CaseStatusID,CourtID,IncidentFromDate,IncidentToDate,InfoReceivedPSDate,latitude,longitude,BriefFacts
1,10440007202600001,202600001,2026-05-03,7,7,1,1,1,1,1,3,2026-05-03 22:36:04,2026-05-04 00:36:04,2026-05-04 01:36:04,14.013942679845789,77.95250107552226,Incident reported at Mangaluru hotspot.
2,10440001202600002,202600002,2026-06-30,1,1,1,2,2,2,1,1,2026-06-30 03:49:14,2026-06-30 05:49:14,2026-06-30 06:49:14,12.949102931836912,77.56692107381488,Incident reported at Bengaluru Urban hotspot.
3,10440013202600003,202600003,2026-06-07,13,13,1,1,1,1,1,5,2026-06-07 02:52:15,2026-06-07 04:52:15,2026-06-07 05:52:15,16.023647121416403,80.0176699487423,Incident reported at Belagavi hotspot.
4,10440007202600004,202600004,2025-09-12,7,7,1,1,1,1,1,3,2025-09-12 03:52:37,2025-09-12 05:52:37,2025-09-12 06:52:37,14.039217956770484,77.95869388326294,Incident reported at Mangaluru hotspot.
5,10440001202600005,202600005,2025-11-08,1,1,1,2,2,2,1,1,2025-11-08 22:46:17,2025-11-09 00:46:17,2025-11-09 01:46:17,12.963792181968527,77.5475797219438,Incident reported at Bengaluru Urban hotspot.
6,10440004202600006,202600006,2026-06-03,4,4,1,2,2,2,1,2,2026-06-03 01:09:52,2026-06-03 03:09:52,2026-06-03 04:09:52,12.97186379748036,77.00053552881033,Incident reported at Mysuru hotspot.
7,10440016202600007,202600007,2026-04-13,16,16,1,2,2,2,1,6,2026-04-13 01:42:07,2026-04-13 03:42:07,2026-04-13 04:42:07,16.952653596968386,80.96988376506866,Incident reported at Kalaburagi hotspot.
8,10440001202600008,202600008,2026-04-30,1,1,1,2,2,2,1,1,2026-04-30 06:16:12,2026-04-30 08:16:12,2026-04-30 09:16:12,12.986588443777952,77.59909414806032,Incident reported at Bengaluru Urban hotspot.
9,10440022202600009,202600009,2025-11-29,22,22,1,2,2,2,1,8,2025-11-29 20:36:19,2025-11-29 22:36:19,2025-11-29 23:36:19,18.97204406220407,83.0089265683876,Incident reported at Shivamogga hotspot.
10,10440001202600010,202600010,2025-08-21,1,1,1,2,2,2,1,1,2025-08-21 11:52:38,2025-08-21 13:52:38,2025-08-21 14:52:38,13.002543045667784,77.54524987596781,Incident reported at Bengaluru Urban hotspot.
11,10440001202600011,202600011,2025-12-19,1,1,1,2,2,2,1,1,2025-12-19 12:27:27,2025-12-19 14:27:27,2025-12-19 15:27:27,13.002181925183281,77.61441393949882,Incident reported at Bengaluru Urban hotspot.
12,10440013202600012,202600012,2025-07-20,13,13,1,1,1,1,1,5,2025-07-20 08:04:05,2025-07-20 10:04:05,2025-07-20 11:04:05,15.984025051651798,79.96554794998117,Incident reported at Belagavi hotspot.
13,10440007202600013,202600013,2025-07-11,7,7,1,1,1,1,1,3,2025-07-11 08:03:49,2025-07-11 10:03:49,2025-07-11 11:03:49,14.045721307220678,77.98365945451127,Incident reported at Mangaluru hotspot.
14,10440010202600014,202600014,2026-04-10,10,10,1,1,1,1,1,4,2026-04-10 23:06:08,2026-04-11 01:06:08,2026-04-11 02:06:08,14.959274584338015,78.95967163768334,Incident reported at Hubballi-Dharwad hotspot.
15,10440001202600015,202600015,2025-07-08,1,1,1,2,2,2,1,1,2025-07-08 09:39:48,2025-07-08 11:39:48,2025-07-08 12:39:48,13.006349436634746,77.60497260313669,Incident reported at Bengaluru Urban hotspot.
16,10440028202600016,202600016,2025-12-24,28,28,1,1,1,1,1,10,2025-12-24 13:18:31,2025-12-24 15:18:31,2025-12-24 16:18:31,21.030712827327438,85.02297317866937,Incident reported at Vijayapura hotspot.
17,10440010202600017,202600017,2025-07-25,10,10,1,1,1,1,1,4,2025-07-25 13:24:50,2025-07-25 15:24:50,2025-07-25 16:24:50,15.00362280914547,79.04731157639793,Incident reported at Hubballi-Dharwad hotspot.
18,10440013202600018,202600018,2025-08-30,13,13,1,2,2,2,1,5,2025-08-30 11:05:39,2025-08-30 13:05:39,2025-08-30 14:05:39,15.987853437720835,80.00520406312732,Incident reported at Belagavi hotspot.
19,10440010202600019,202600019,2026-06-21,10,10,1,2,2,2,1,4,2026-06-21 11:12:20,2026-06-21 13:12:20,2026-06-21 14:12:20,15.0329404664253,79.01185197523643,Incident reported at Hubballi-Dharwad hotspot.
20,10440010202600020,202600020,2026-03-08,10,10,1,1,1,1,1,4,2026-03-08 18:12:40,2026-03-08 20:12:40,2026-03-08 21:12:40,15.036170690031078,79.00773521452568,Incident reported at Hubballi-Dharwad hotspot.
21,10440013202600021,202600021,2025-07-23,13,13,1,1,1,1,1,5,2025-07-23 03:07:54,2025-07-23 05:07:54,2025-07-23 06:07:54,16.02045718362149,79.95458243836556,Incident reported at Belagavi hotspot.
22,10440010202600022,202600022,2025-12-16,10,10,1,2,2,2,1,4,2025-12-16 03:51:20,2025-12-16 05:51:20,2025-12-16 06:51:20,14.972789827565155,78.97893879636021,Incident reported at Hubballi-Dharwad hotspot.
23,10440028202600023,202600023,2025-12-31,28,28,1,2,2,2,1,10,2025-12-31 00:12:02,2025-12-31 02:12:02,2025-12-31 03:12:02,20.957979197692364,84.9732790886361,Incident reported at Vijayapura hotspot.
24,10440013202600024,202600024,2026-01-17,13,13,1,2,2,2,1,5,2026-01-17 04:54:28,2026-01-17 06:54:28,2026-01-17 07:54:28,15.960100142940973,79.97779736031102,Incident reported at Belagavi hotspot.
25,10440004202600025,202600025,2026-04-15,4,4,1,1,1,1,1,2,2026-04-15 02:27:59,2026-04-15 04:27:59,2026-04-15 05:27:59,13.01356844442644,76.986483217897,Incident reported at Mysuru hotspot.
26,10440004202600026,202600026,2025-08-22,4,4,1,2,2,2,1,2,2025-08-22 21:15:08,2025-08-22 23:15:08,2025-08-23 00:15:08,12.987018096711688,76.97095070307715,Incident reported at Mysuru hotspot.
27,10440007202600027,202600027,2026-03-07,7,7,1,1,1,1,1,3,2026-03-07 16:25:35,2026-03-07 18:25:35,2026-03-07 19:25:35,13.976697782204912,78.04366545877124,Incident reported at Mangaluru hotspot.
28,10440013202600028,202600028,2026-05-24,13,13,1,2,2,2,1,5,2026-05-24 16:34:13,2026-05-24 18:34:13,2026-05-24 19:34:13,16.01480353852466,80.0109131005667,Incident reported at Belagavi hotspot.
29,10440001202600029,202600029,2026-02-13,1,1,1,2,2,2,1,1,2026-02-13 04:30:58,2026-02-13 06:30:58,2026-02-13 07:30:58,12.93871386481981,77.61751267979504,Incident reported at Bengaluru Urban hotspot.
30,10440007202600030,202600030,2026-05-06,7,7,1,2,2,2,1,3,2026-05-06 09:21:05,2026-05-06 11:21:05,2026-05-06 12:21:05,13.966340249376193,77.98794554417576,Incident reported at Mangaluru hotspot.
31,10440016202600031,202600031,2026-04-02,16,16,1,2,2,2,1,6,2026-04-02 04:47:03,2026-04-02 06:47:03,2026-04-02 07:47:03,17.04895233506366,81.01399997598541,Incident reported at Kalaburagi hotspot.
32,10440007202600032,202600032,2026-03-21,7,7,1,2,2,2,1,3,2026-03-21 22:47:14,2026-03-22 00:47:14,2026-03-22 01:47:14,14.005694974377464,78.01846142509899,Incident reported at Mangaluru hotspot.
33,10440010202600033,202600033,2026-01-23,10,10,1,2,2,2,1,4,2026-01-23 15:35:56,2026-01-23 17:35:56,2026-01-23 18:35:56,15.03428519201898,79.02759999115463,Incident reported at Hubballi-Dharwad hotspot.
34,10440001202600034,202600034,2026-03-07,1,1,1,2,2,2,1,1,2026-03-07 22:52:33,2026-03-08 00:52:33,2026-03-08 01:52:33,12.944504807196411,77.5478100243904,Incident reported at Bengaluru Urban hotspot.
35,10440019202600035,202600035,2025-11-17,19,19,1,2,2,2,1,7,2025-11-17 03:21:24,2025-11-17 05:21:24,2025-11-17 06:21:24,17.98154530480591,81.97677408759758,Incident reported at Ballari hotspot.
36,10440007202600036,202600036,2025-09-25,7,7,1,2,2,2,1,3,2025-09-25 23:42:15,2025-09-26 01:42:15,2025-09-26 02:42:15,13.971098284358632,78.04429097143351,Incident reported at Mangaluru hotspot.
37,10440013202600037,202600037,2026-05-09,13,13,1,2,2,2,1,5,2026-05-09 06:20:13,2026-05-09 08:20:13,2026-05-09 09:20:13,16.037636762647267,79.98146778807985,Incident reported at Belagavi hotspot.
38,10440004202600038,202600038,2026-01-29,4,4,1,2,2,2,1,2,2026-01-29 02:47:29,2026-01-29 04:47:29,2026-01-29 05:47:29,13.015543866529487,76.98956319010607,Incident reported at Mysuru hotspot.
39,10440001202600039,202600039,2026-05-06,1,1,1,1,1,1,1,1,2026-05-06 02:14:19,2026-05-06 04:14:19,2026-05-06 05:14:19,13.013054758974056,77.59048518525874,Incident reported at Bengaluru Urban hotspot.
40,10440028202600040,202600040,2026-06-08,28,28,1,1,1,1,1,10,2026-06-08 03:25:40,2026-06-08 05:25:40,2026-06-08 06:25:40,20.976488016649807,84.9746627507694,Incident reported at Vijayapura hotspot.
41,10440007202600041,202600041,2025-08-09,7,7,1,2,2,2,1,3,2025-08-09 23:06:54,2025-08-10 01:06:54,2025-08-10 02:06:54,14.006136813416315,77.9762741608523,Incident reported at Mangaluru hotspot.
42,10440010202600042,202600042,2025-12-14,10,10,1,2,2,2,1,4,2025-12-14 20:44:40,2025-12-14 22:44:40,2025-12-14 23:44:40,15.008458599022354,79.03978228836024,Incident reported at Hubballi-Dharwad hotspot.
43,10440007202600043,202600043,2025-09-19,7,7,1,2,2,2,1,3,2025-09-19 06:29:54,2025-09-19 08:29:54,2025-09-19 09:29:54,13.98994005051404,77.97193207591573,Incident reported at Mangaluru hotspot.
44,10440013202600044,202600044,2026-05-27,13,13,1,1,1,1,1,5,2026-05-27 21:57:55,2026-05-27 23:57:55,2026-05-28 00:57:55,16.049753760649512,80.00095262936765,Incident reported at Belagavi hotspot.
45,10440001202600045,202600045,2025-07-11,1,1,1,1,1,1,1,1,2025-07-11 12:35:07,2025-07-11 14:35:07,2025-07-11 15:35:07,12.93069094121738,77.54931163754247,Incident reported at Bengaluru Urban hotspot.
46,10440001202600046,202600046,2026-02-16,1,1,1,1,1,1,1,1,2026-02-16 05:45:48,2026-02-16 07:45:48,2026-02-16 08:45:48,12.932564913035066,77.60734460417031,Incident reported at Bengaluru Urban hotspot.
47,10440028202600047,202600047,2026-05-13,28,28,1,2,2,2,1,10,2026-05-13 22:59:10,2026-05-14 00:59:10,2026-05-14 01:59:10,21.029207936436297,84.99221599667997,Incident reported at Vijayapura hotspot.
48,10440007202600048,202600048,2025-08-05,7,7,1,2,2,2,1,3,2025-08-05 14:14:35,2025-08-05 16:14:35,2025-08-05 17:14:35,13.956352770615196,77.98816192865065,Incident reported at Mangaluru hotspot.
49,10440001202600049,202600049,2025-07-31,1,1,1,1,1,1,1,1,2025-07-31 04:35:13,2025-07-31 06:35:13,2025-07-31 07:35:13,13.02121213802401,77.59751143450991,Incident reported at Bengaluru Urban hotspot.
50,10440001202600050,202600050,2025-10-23,1,1,1,2,2,2,1,1,2025-10-23 00:43:45,2025-10-23 02:43:45,2025-10-23 03:43:45,13.018707837761362,77.63067797022345,Incident reported at Bengaluru Urban hotspot.
51,10440016202600051,202600051,2026-04-28,16,16,1,1,1,1,1,6,2026-04-28 12:51:41,2026-04-28 14:51:41,2026-04-28 15:51:41,16.95114810219428,81.02207218193603,Incident reported at Kalaburagi hotspot.
52,10440013202600052,202600052,2025-11-07,13,13,1,2,2,2,1,5,2025-11-07 14:37:59,2025-11-07 16:37:59,2025-11-07 17:37:59,16.018171036902658,80.00369703304088,Incident reported at Belagavi hotspot.
53,10440007202600053,202600053,2025-07-24,7,7,1,1,1,1,1,3,2025-07-24 02:43:44,2025-07-24 04:43:44,2025-07-24 05:43:44,13.976682518995254,78.01409617985799,Incident reported at Mangaluru hotspot.
54,10440028202600054,202600054,2025-11-05,28,28,1,1,1,1,1,10,2025-11-05 02:32:27,2025-11-05 04:32:27,2025-11-05 05:32:27,20.961155217359586,84.99347652506691,Incident reported at Vijayapura hotspot.
55,10440013202600055,202600055,2025-12-24,13,13,1,2,2,2,1,5,2025-12-24 18:40:04,2025-12-24 20:40:04,2025-12-24 21:40:04,15.995372370632921,80.04538159275211,Incident reported at Belagavi hotspot.
56,10440001202600056,202600056,2025-07-20,1,1,1,1,1,1,1,1,2025-07-20 06:22:34,2025-07-20 08:22:34,2025-07-20 09:22:34,13.00918529403782,77.57093890507511,Incident reported at Bengaluru Urban hotspot.
57,10440004202600057,202600057,2025-09-04,4,4,1,2,2,2,1,2,2025-09-04 01:04:51,2025-09-04 03:04:51,2025-09-04 04:04:51,13.00005861130503,76.96786518805301,Incident reported at Mysuru hotspot.
58,10440016202600058,202600058,2025-12-19,16,16,1,2,2,2,1,6,2025-12-19 14:05:37,2025-12-19 16:05:37,2025-12-19 17:05:37,17.04126278393448,81.03705185698368,Incident reported at Kalaburagi hotspot.
59,10440013202600059,202600059,2025-12-27,13,13,1,1,1,1,1,5,2025-12-27 01:08:28,2025-12-27 03:08:28,2025-12-27 04:08:28,15.979844479144864,80.0138949494866,Incident reported at Belagavi hotspot.
60,10440013202600060,202600060,2026-03-25,13,13,1,1,1,1,1,5,2026-03-25 08:35:24,2026-03-25 10:35:24,2026-03-25 11:35:24,16.010897021143816,79.96528392685497,Incident reported at Belagavi hotspot.
61,10440001202600061,202600061,2025-12-13,1,1,1,2,2,2,1,1,2025-12-13 07:38:18,2025-12-13 09:38:18,2025-12-13 10:38:18,12.997851080007516,77.59853790301196,Incident reported at Bengaluru Urban hotspot.
62,10440022202600062,202600062,2025-11-23,22,22,1,1,1,1,1,8,2025-11-23 11:35:35,2025-11-23 13:35:35,2025-11-23 14:35:35,19.027862647863056,83.00303536721952,Incident reported at Shivamogga hotspot.
63,10440013202600063,202600063,2026-03-30,13,13,1,1,1,1,1,5,2026-03-30 22:15:43,2026-03-31 00:15:43,2026-03-31 01:15:43,15.950057189612794,79.98241560570047,Incident reported at Belagavi hotspot.
64,10440004202600064,202600064,2026-03-27,4,4,1,1,1,1,1,2,2026-03-27 11:38:34,2026-03-27 13:38:34,2026-03-27 14:38:34,12.951947674238584,77.04290986162646,Incident reported at Mysuru hotspot.
65,10440010202600065,202600065,2026-02-21,10,10,1,1,1,1,1,4,2026-02-21 21:06:01,2026-02-21 23:06:01,2026-02-22 00:06:01,15.037872187782318,79.03316655293612,Incident reported at Hubballi-Dharwad hotspot.
66,10440001202600066,202600066,2026-06-16,1,1,1,2,2,2,1,1,2026-06-16 11:14:29,2026-06-16 13:14:29,2026-06-16 14:14:29,12.952351412540267,77.55039251664942,Incident reported at Bengaluru Urban hotspot.
67,10440001202600067,202600067,2025-10-08,1,1,1,1,1,1,1,1,2025-10-08 00:36:20,2025-10-08 02:36:20,2025-10-08 03:36:20,13.009400959920404,77.6392949445298,Incident reported at Bengaluru Urban hotspot.
68,10440025202600068,202600068,2026-01-23,25,25,1,1,1,1,1,9,2026-01-23 03:18:44,2026-01-23 05:18:44,2026-01-23 06:18:44,19.95856534520679,83.99859904633166,Incident reported at Tumakuru hotspot.
69,10440004202600069,202600069,2025-12-11,4,4,1,2,2,2,1,2,2025-12-11 18:13:29,2025-12-11 20:13:29,2025-12-11 21:13:29,12.956921251846838,77.02606021652572,Incident reported at Mysuru hotspot.
70,10440016202600070,202600070,2025-11-05,16,16,1,1,1,1,1,6,2025-11-05 05:58:22,2025-11-05 07:58:22,2025-11-05 08:58:22,17.026583442930697,80.96283914644998,Incident reported at Kalaburagi hotspot.
71,10440004202600071,202600071,2025-08-31,4,4,1,1,1,1,1,2,2025-08-31 11:29:48,2025-08-31 13:29:48,2025-08-31 14:29:48,12.997528237809874,77.00498035934949,Incident reported at Mysuru hotspot.
72,10440010202600072,202600072,2026-05-22,10,10,1,1,1,1,1,4,2026-05-22 19:37:41,2026-05-22 21:37:41,2026-05-22 22:37:41,14.976505662894006,79.03724330410853,Incident reported at Hubballi-Dharwad hotspot.
73,10440004202600073,202600073,2026-04-12,4,4,1,2,2,2,1,2,2026-04-12 03:45:04,2026-04-12 05:45:04,2026-04-12 06:45:04,12.992313794020088,76.97117982054421,Incident reported at Mysuru hotspot.
74,10440013202600074,202600074,2025-08-28,13,13,1,1,1,1,1,5,2025-08-28 12:26:09,2025-08-28 14:26:09,2025-08-28 15:26:09,16.003929608877947,80.022993106909,Incident reported at Belagavi hotspot.
75,10440001202600075,202600075,2025-09-28,1,1,1,2,2,2,1,1,2025-09-28 16:14:52,2025-09-28 18:14:52,2025-09-28 19:14:52,12.94171510633897,77.57577162913009,Incident reported at Bengaluru Urban hotspot.
76,10440013202600076,202600076,2026-03-10,13,13,1,2,2,2,1,5,2026-03-10 11:50:17,2026-03-10 13:50:17,2026-03-10 14:50:17,16.04951493566609,80.01498780576395,Incident reported at Belagavi hotspot.
77,10440013202600077,202600077,2026-05-28,13,13,1,2,2,2,1,5,2026-05-28 17:47:26,2026-05-28 19:47:26,2026-05-28 20:47:26,15.993810008391451,80.00175758410356,Incident reported at Belagavi hotspot.
78,10440010202600078,202600078,2026-02-12,10,10,1,2,2,2,1,4,2026-02-12 13:17:08,2026-02-12 15:17:08,2026-02-12 16:17:08,14.962100419586827,78.97246973370315,Incident reported at Hubballi-Dharwad hotspot.
79,10440001202600079,202600079,2026-03-24,1,1,1,2,2,2,1,1,2026-03-24 10:05:10,2026-03-24 12:05:10,2026-03-24 13:05:10,12.955408556214746,77.60343087184572,Incident reported at Bengaluru Urban hotspot.
80,10440025202600080,202600080,2025-09-21,25,25,1,2,2,2,1,9,2025-09-21 00:31:52,2025-09-21 02:31:52,2025-09-21 03:31:52,19.973011473259657,83.97202173844515,Incident reported at Tumakuru hotspot.
81,10440022202600081,202600081,2025-12-20,22,22,1,2,2,2,1,8,2025-12-20 19:18:44,2025-12-20 21:18:44,2025-12-20 22:18:44,18.957099308600903,83.013110295727,Incident reported at Shivamogga hotspot.
82,10440007202600082,202600082,2026-01-03,7,7,1,2,2,2,1,3,2026-01-03 21:52:25,2026-01-03 23:52:25,2026-01-04 00:52:25,13.972894178381116,78.04054200130061,Incident reported at Mangaluru hotspot.
83,10440001202600083,202600083,2025-07-23,1,1,1,1,1,1,1,1,2025-07-23 13:55:18,2025-07-23 15:55:18,2025-07-23 16:55:18,13.007563540025375,77.55168573498887,Incident reported at Bengaluru Urban hotspot.
84,10440013202600084,202600084,2026-03-21,13,13,1,1,1,1,1,5,2026-03-21 13:47:16,2026-03-21 15:47:16,2026-03-21 16:47:16,15.9738004634369,80.01689777782963,Incident reported at Belagavi hotspot.
85,10440022202600085,202600085,2025-11-24,22,22,1,1,1,1,1,8,2025-11-24 03:27:02,2025-11-24 05:27:02,2025-11-24 06:27:02,18.971423680737043,82.9632311848725,Incident reported at Shivamogga hotspot.
86,10440004202600086,202600086,2025-12-11,4,4,1,2,2,2,1,2,2025-12-11 03:55:17,2025-12-11 05:55:17,2025-12-11 06:55:17,13.043551424058068,77.00710430933253,Incident reported at Mysuru hotspot.
87,10440010202600087,202600087,2026-02-02,10,10,1,1,1,1,1,4,2026-02-02 05:35:24,2026-02-02 07:35:24,2026-02-02 08:35:24,14.997267102631179,79.02846194242908,Incident reported at Hubballi-Dharwad hotspot.
88,10440010202600088,202600088,2026-04-02,10,10,1,1,1,1,1,4,2026-04-02 03:44:13,2026-04-02 05:44:13,2026-04-02 06:44:13,15.030749699776665,78.96904099143619,Incident reported at Hubballi-Dharwad hotspot.
89,10440001202600089,202600089,2025-12-20,1,1,1,2,2,2,1,1,2025-12-20 09:20:09,2025-12-20 11:20:09,2025-12-20 12:20:09,12.931293081422883,77.58770511824063,Incident reported at Bengaluru Urban hotspot.
90,10440004202600090,202600090,2026-02-01,4,4,1,1,1,1,1,2,2026-02-01 06:46:10,2026-02-01 08:46:10,2026-02-01 09:46:10,12.992357862301992,76.99670246680367,Incident reported at Mysuru hotspot.
91,10440004202600091,202600091,2026-02-28,4,4,1,2,2,2,1,2,2026-02-28 03:40:33,2026-02-28 05:40:33,2026-02-28 06:40:33,13.022907584945985,77.01733645472933,Incident reported at Mysuru hotspot.
92,10440013202600092,202600092,2026-02-03,13,13,1,2,2,2,1,5,2026-02-03 04:12:50,2026-02-03 06:12:50,2026-02-03 07:12:50,16.0484165211366,79.9598417871152,Incident reported at Belagavi hotspot.
93,10440007202600093,202600093,2026-04-07,7,7,1,1,1,1,1,3,2026-04-07 18:37:07,2026-04-07 20:37:07,2026-04-07 21:37:07,13.990262128210228,77.9839302605395,Incident reported at Mangaluru hotspot.
94,10440004202600094,202600094,2026-05-23,4,4,1,2,2,2,1,2,2026-05-23 18:07:21,2026-05-23 20:07:21,2026-05-23 21:07:21,13.036167253635279,76.97486563339203,Incident reported at Mysuru hotspot.
95,10440004202600095,202600095,2026-03-08,4,4,1,2,2,2,1,2,2026-03-08 11:59:38,2026-03-08 13:59:38,2026-03-08 14:59:38,12.969020890844082,76.99486135478331,Incident reported at Mysuru hotspot.
96,10440016202600096,202600096,2026-01-30,16,16,1,1,1,1,1,6,2026-01-30 20:19:25,2026-01-30 22:19:25,2026-01-30 23:19:25,16.99218816398344,80.9778545144667,Incident reported at Kalaburagi hotspot.
97,10440004202600097,202600097,2025-10-08,4,4,1,1,1,1,1,2,2025-10-08 12:21:07,2025-10-08 14:21:07,2025-10-08 15:21:07,12.97498064478821,77.0423265599276,Incident reported at Mysuru hotspot.
98,10440004202600098,202600098,2026-05-06,4,4,1,2,2,2,1,2,2026-05-06 01:57:18,2026-05-06 03:57:18,2026-05-06 04:57:18,12.994313074505346,77.03613491047618,Incident reported at Mysuru hotspot.
99,10440010202600099,202600099,2026-06-15,10,10,1,2,2,2,1,4,2026-06-15 20:01:49,2026-06-15 22:01:49,2026-06-15 23:01:49,15.005032531244984,78.95505883295249,Incident reported at Hubballi-Dharwad hotspot.
100,10440001202600100,202600100,2026-02-16,1,1,1,2,2,2,1,1,2026-02-16 21:29:45,2026-02-16 23:29:45,2026-02-17 00:29:45,13.021528246841273,77.628202758508,Incident reported at Bengaluru Urban hotspot.
101,10440028202600101,202600101,2026-04-10,28,28,1,1,1,1,1,10,2026-04-10 16:02:18,2026-04-10 18:02:18,2026-04-10 19:02:18,21.046899625728475,85.04263669830081,Incident reported at Vijayapura hotspot.
102,10440016202600102,202600102,2026-06-02,16,16,1,1,1,1,1,6,2026-06-02 20:50:25,2026-06-02 22:50:25,2026-06-02 23:50:25,17.03486957344143,80.9666311110604,Incident reported at Kalaburagi hotspot.
103,10440010202600103,202600103,2026-02-15,10,10,1,2,2,2,1,4,2026-02-15 07:08:44,2026-02-15 09:08:44,2026-02-15 10:08:44,14.998564112545072,78.97137472991992,Incident reported at Hubballi-Dharwad hotspot.
104,10440013202600104,202600104,2025-10-25,13,13,1,1,1,1,1,5,2025-10-25 17:38:39,2025-10-25 19:38:39,2025-10-25 20:38:39,15.990104029254946,79.95586353999722,Incident reported at Belagavi hotspot.
105,10440016202600105,202600105,2025-11-07,16,16,1,1,1,1,1,6,2025-11-07 04:18:52,2025-11-07 06:18:52,2025-11-07 07:18:52,16.98789731189769,81.04853088437797,Incident reported at Kalaburagi hotspot.
106,10440007202600106,202600106,2025-11-28,7,7,1,1,1,1,1,3,2025-11-28 17:00:20,2025-11-28 19:00:20,2025-11-28 20:00:20,13.976520305817216,78.02840706019485,Incident reported at Mangaluru hotspot.
107,10440016202600107,202600107,2026-04-19,16,16,1,2,2,2,1,6,2026-04-19 13:56:23,2026-04-19 15:56:23,2026-04-19 16:56:23,16.995500836733914,80.99230074859902,Incident reported at Kalaburagi hotspot.
108,10440010202600108,202600108,2026-04-03,10,10,1,2,2,2,1,4,2026-04-03 03:15:09,2026-04-03 05:15:09,2026-04-03 06:15:09,15.045731764085968,79.04954226894927,Incident reported at Hubballi-Dharwad hotspot.
109,10440013202600109,202600109,2025-12-03,13,13,1,1,1,1,1,5,2025-12-03 16:14:33,2025-12-03 18:14:33,2025-12-03 19:14:33,16.005576832340562,80.02184082752963,Incident reported at Belagavi hotspot.
110,10440022202600110,202600110,2025-11-08,22,22,1,2,2,2,1,8,2025-11-08 22:44:31,2025-11-09 00:44:31,2025-11-09 01:44:31,18.965479682527405,82.97967078254946,Incident reported at Shivamogga hotspot.
111,10440022202600111,202600111,2026-04-09,22,22,1,2,2,2,1,8,2026-04-09 04:11:37,2026-04-09 06:11:37,2026-04-09 07:11:37,19.046870936496916,83.00791802908162,Incident reported at Shivamogga hotspot.
112,10440010202600112,202600112,2026-02-24,10,10,1,2,2,2,1,4,2026-02-24 14:46:17,2026-02-24 16:46:17,2026-02-24 17:46:17,15.004219520137427,79.02479755603791,Incident reported at Hubballi-Dharwad hotspot.
113,10440001202600113,202600113,2025-07-14,1,1,1,2,2,2,1,1,2025-07-14 10:36:04,2025-07-14 12:36:04,2025-07-14 13:36:04,12.927316527290749,77.60301775944589,Incident reported at Bengaluru Urban hotspot.
114,10440004202600114,202600114,2025-12-06,4,4,1,2,2,2,1,2,2025-12-06 06:45:08,2025-12-06 08:45:08,2025-12-06 09:45:08,13.00028503829195,77.03527198920483,Incident reported at Mysuru hotspot.
115,10440001202600115,202600115,2026-05-26,1,1,1,1,1,1,1,1,2026-05-26 01:41:03,2026-05-26 03:41:03,2026-05-26 04:41:03,12.93734327279395,77.64067789032744,Incident reported at Bengaluru Urban hotspot.
116,10440022202600116,202600116,2026-01-22,22,22,1,2,2,2,1,8,2026-01-22 16:49:12,2026-01-22 18:49:12,2026-01-22 19:49:12,18.958011146524058,82.96858249609807,Incident reported at Shivamogga hotspot.
117,10440013202600117,202600117,2025-09-25,13,13,1,2,2,2,1,5,2025-09-25 17:13:28,2025-09-25 19:13:28,2025-09-25 20:13:28,16.009503510645004,80.0175212553604,Incident reported at Belagavi hotspot.
118,10440028202600118,202600118,2026-06-13,28,28,1,2,2,2,1,10,2026-06-13 16:50:27,2026-06-13 18:50:27,2026-06-13 19:50:27,20.97352038950009,84.96198866139471,Incident reported at Vijayapura hotspot.
119,10440007202600119,202600119,2026-04-01,7,7,1,2,2,2,1,3,2026-04-01 03:12:25,2026-04-01 05:12:25,2026-04-01 06:12:25,14.039028731412944,77.97462153477886,Incident reported at Mangaluru hotspot.
120,10440022202600120,202600120,2026-03-01,22,22,1,1,1,1,1,8,2026-03-01 01:17:14,2026-03-01 03:17:14,2026-03-01 04:17:14,19.009451915353345,83.0119381510332,Incident reported at Shivamogga hotspot.
121,10440004202600121,202600121,2026-06-22,4,4,1,1,1,1,1,2,2026-06-22 20:08:18,2026-06-22 22:08:18,2026-06-22 23:08:18,12.991922491533588,77.00836722892912,Incident reported at Mysuru hotspot.
122,10440004202600122,202600122,2026-03-16,4,4,1,1,1,1,1,2,2026-03-16 20:13:26,2026-03-16 22:13:26,2026-03-16 23:13:26,13.002278271553196,77.04347062577364,Incident reported at Mysuru hotspot.
123,10440025202600123,202600123,2025-07-12,25,25,1,1,1,1,1,9,2025-07-12 22:33:56,2025-07-13 00:33:56,2025-07-13 01:33:56,19.970425919942354,84.02161918007894,Incident reported at Tumakuru hotspot.
124,10440004202600124,202600124,2025-07-27,4,4,1,2,2,2,1,2,2025-07-27 03:51:48,2025-07-27 05:51:48,2025-07-27 06:51:48,12.973868595261585,76.98957858467912,Incident reported at Mysuru hotspot.
125,10440022202600125,202600125,2025-09-05,22,22,1,1,1,1,1,8,2025-09-05 16:08:28,2025-09-05 18:08:28,2025-09-05 19:08:28,19.017169022296,82.97999970797987,Incident reported at Shivamogga hotspot.
126,10440010202600126,202600126,2026-01-27,10,10,1,1,1,1,1,4,2026-01-27 07:52:53,2026-01-27 09:52:53,2026-01-27 10:52:53,14.981617719627186,79.02518644924145,Incident reported at Hubballi-Dharwad hotspot.
127,10440004202600127,202600127,2025-08-10,4,4,1,2,2,2,1,2,2025-08-10 07:00:54,2025-08-10 09:00:54,2025-08-10 10:00:54,12.957254311449315,76.99582855226186,Incident reported at Mysuru hotspot.
128,10440028202600128,202600128,2025-08-03,28,28,1,1,1,1,1,10,2025-08-03 21:06:51,2025-08-03 23:06:51,2025-08-04 00:06:51,21.049845444085445,85.0496096447855,Incident reported at Vijayapura hotspot.
129,10440028202600129,202600129,2025-10-03,28,28,1,1,1,1,1,10,2025-10-03 23:02:05,2025-10-04 01:02:05,2025-10-04 02:02:05,20.957326072109964,84.9713154312267,Incident reported at Vijayapura hotspot.
130,10440001202600130,202600130,2026-02-26,1,1,1,1,1,1,1,1,2026-02-26 01:12:35,2026-02-26 03:12:35,2026-02-26 04:12:35,12.948120041475041,77.63792593779937,Incident reported at Bengaluru Urban hotspot.
131,10440004202600131,202600131,2025-07-21,4,4,1,2,2,2,1,2,2025-07-21 10:28:15,2025-07-21 12:28:15,2025-07-21 13:28:15,13.038086417368644,77.03792702424846,Incident reported at Mysuru hotspot.
132,10440022202600132,202600132,2025-09-28,22,22,1,2,2,2,1,8,2025-09-28 06:32:06,2025-09-28 08:32:06,2025-09-28 09:32:06,18.98695270887389,82.96577468323572,Incident reported at Shivamogga hotspot.
133,10440025202600133,202600133,2026-02-26,25,25,1,2,2,2,1,9,2026-02-26 02:37:28,2026-02-26 04:37:28,2026-02-26 05:37:28,20.03337449546398,84.02035399250873,Incident reported at Tumakuru hotspot.
134,10440025202600134,202600134,2025-12-26,25,25,1,2,2,2,1,9,2025-12-26 21:45:14,2025-12-26 23:45:14,2025-12-27 00:45:14,20.011167776572595,84.04872330636314,Incident reported at Tumakuru hotspot.
135,10440001202600135,202600135,2025-12-22,1,1,1,2,2,2,1,1,2025-12-22 06:47:51,2025-12-22 08:47:51,2025-12-22 09:47:51,12.986997631771073,77.54538231071521,Incident reported at Bengaluru Urban hotspot.
136,10440019202600136,202600136,2025-08-29,19,19,1,2,2,2,1,7,2025-08-29 02:17:53,2025-08-29 04:17:53,2025-08-29 05:17:53,18.031710413511547,81.97993787522,Incident reported at Ballari hotspot.
137,10440013202600137,202600137,2025-07-27,13,13,1,1,1,1,1,5,2025-07-27 10:02:30,2025-07-27 12:02:30,2025-07-27 13:02:30,16.016338871496608,80.04389300039271,Incident reported at Belagavi hotspot.
138,10440007202600138,202600138,2026-05-06,7,7,1,1,1,1,1,3,2026-05-06 23:45:04,2026-05-07 01:45:04,2026-05-07 02:45:04,13.963429111439337,77.96154286704191,Incident reported at Mangaluru hotspot.
139,10440016202600139,202600139,2026-02-25,16,16,1,1,1,1,1,6,2026-02-25 19:35:42,2026-02-25 21:35:42,2026-02-25 22:35:42,16.96070359777094,81.00532236408849,Incident reported at Kalaburagi hotspot.
140,10440004202600140,202600140,2025-12-24,4,4,1,2,2,2,1,2,2025-12-24 20:26:18,2025-12-24 22:26:18,2025-12-24 23:26:18,12.977234821231482,77.01048298270302,Incident reported at Mysuru hotspot.
141,10440010202600141,202600141,2026-02-20,10,10,1,2,2,2,1,4,2026-02-20 16:17:08,2026-02-20 18:17:08,2026-02-20 19:17:08,15.02176121871388,78.97035973123275,Incident reported at Hubballi-Dharwad hotspot.
142,10440007202600142,202600142,2026-03-21,7,7,1,1,1,1,1,3,2026-03-21 16:44:48,2026-03-21 18:44:48,2026-03-21 19:44:48,14.013423795888508,77.97639839016304,Incident reported at Mangaluru hotspot.
143,10440004202600143,202600143,2025-09-28,4,4,1,1,1,1,1,2,2025-09-28 18:21:29,2025-09-28 20:21:29,2025-09-28 21:21:29,12.998853185214937,77.04053364910793,Incident reported at Mysuru hotspot.
144,10440001202600144,202600144,2026-05-24,1,1,1,2,2,2,1,1,2026-05-24 09:43:19,2026-05-24 11:43:19,2026-05-24 12:43:19,13.006210371329486,77.55382984677128,Incident reported at Bengaluru Urban hotspot.
145,10440004202600145,202600145,2025-11-08,4,4,1,2,2,2,1,2,2025-11-08 20:28:36,2025-11-08 22:28:36,2025-11-08 23:28:36,12.992357577256373,76.97766802239722,Incident reported at Mysuru hotspot.
146,10440007202600146,202600146,2025-11-28,7,7,1,2,2,2,1,3,2025-11-28 19:43:48,2025-11-28 21:43:48,2025-11-28 22:43:48,13.950354568908779,78.02711192230197,Incident reported at Mangaluru hotspot.
147,10440022202600147,202600147,2026-01-07,22,22,1,1,1,1,1,8,2026-01-07 22:59:54,2026-01-08 00:59:54,2026-01-08 01:59:54,19.01371133773014,82.97619552624343,Incident reported at Shivamogga hotspot.
148,10440004202600148,202600148,2026-03-14,4,4,1,2,2,2,1,2,2026-03-14 03:29:48,2026-03-14 05:29:48,2026-03-14 06:29:48,13.024123090834793,77.00516804211264,Incident reported at Mysuru hotspot.
149,10440001202600149,202600149,2026-06-19,1,1,1,1,1,1,1,1,2026-06-19 21:35:15,2026-06-19 23:35:15,2026-06-20 00:35:15,12.964368691898068,77.54556696996083,Incident reported at Bengaluru Urban hotspot.
150,10440013202600150,202600150,2026-02-07,13,13,1,2,2,2,1,5,2026-02-07 20:46:14,2026-02-07 22:46:14,2026-02-07 23:46:14,15.957524386007377,80.03831063933002,Incident reported at Belagavi hotspot.
151,10440004202600151,202600151,2025-09-29,4,4,1,2,2,2,1,2,2025-09-29 09:59:05,2025-09-29 11:59:05,2025-09-29 12:59:05,13.04039285715599,77.00455902892055,Incident reported at Mysuru hotspot.
152,10440028202600152,202600152,2026-05-12,28,28,1,1,1,1,1,10,2026-05-12 16:51:12,2026-05-12 18:51:12,2026-05-12 19:51:12,21.033459501988602,85.00825095664898,Incident reported at Vijayapura hotspot.
153,10440025202600153,202600153,2026-02-15,25,25,1,1,1,1,1,9,2026-02-15 15:58:49,2026-02-15 17:58:49,2026-02-15 18:58:49,19.964809378556748,83.96274455192821,Incident reported at Tumakuru hotspot.
154,10440007202600154,202600154,2026-01-11,7,7,1,1,1,1,1,3,2026-01-11 07:08:31,2026-01-11 09:08:31,2026-01-11 10:08:31,13.980825834993013,78.03989814887426,Incident reported at Mangaluru hotspot.
155,10440010202600155,202600155,2026-06-23,10,10,1,2,2,2,1,4,2026-06-23 18:41:22,2026-06-23 20:41:22,2026-06-23 21:41:22,15.029612230488803,79.03607025820008,Incident reported at Hubballi-Dharwad hotspot.
156,10440016202600156,202600156,2025-08-12,16,16,1,1,1,1,1,6,2025-08-12 00:33:09,2025-08-12 02:33:09,2025-08-12 03:33:09,17.03989246365265,80.97100765383398,Incident reported at Kalaburagi hotspot.
157,10440001202600157,202600157,2026-06-13,1,1,1,1,1,1,1,1,2026-06-13 21:53:08,2026-06-13 23:53:08,2026-06-14 00:53:08,12.946552973922293,77.55487936216718,Incident reported at Bengaluru Urban hotspot.
158,10440010202600158,202600158,2025-09-07,10,10,1,2,2,2,1,4,2025-09-07 01:34:27,2025-09-07 03:34:27,2025-09-07 04:34:27,15.028011624187144,79.0384134701451,Incident reported at Hubballi-Dharwad hotspot.
159,10440001202600159,202600159,2025-12-23,1,1,1,1,1,1,1,1,2025-12-23 07:36:05,2025-12-23 09:36:05,2025-12-23 10:36:05,12.962237738983212,77.60666615101508,Incident reported at Bengaluru Urban hotspot.
160,10440001202600160,202600160,2026-02-27,1,1,1,2,2,2,1,1,2026-02-27 21:00:35,2026-02-27 23:00:35,2026-02-28 00:00:35,12.937055333833221,77.63758810156936,Incident reported at Bengaluru Urban hotspot.
161,10440028202600161,202600161,2026-04-09,28,28,1,1,1,1,1,10,2026-04-09 19:53:04,2026-04-09 21:53:04,2026-04-09 22:53:04,21.036460569621998,85.0476206032931,Incident reported at Vijayapura hotspot.
162,10440004202600162,202600162,2025-08-16,4,4,1,2,2,2,1,2,2025-08-16 11:59:18,2025-08-16 13:59:18,2025-08-16 14:59:18,13.03107717199404,77.03814162046633,Incident reported at Mysuru hotspot.
163,10440007202600163,202600163,2025-08-15,7,7,1,1,1,1,1,3,2025-08-15 16:11:21,2025-08-15 18:11:21,2025-08-15 19:11:21,13.952478636189818,78.02365644717551,Incident reported at Mangaluru hotspot.
164,10440028202600164,202600164,2025-10-13,28,28,1,1,1,1,1,10,2025-10-13 19:03:14,2025-10-13 21:03:14,2025-10-13 22:03:14,20.983218546794642,85.04308158860484,Incident reported at Vijayapura hotspot.
165,10440007202600165,202600165,2025-07-24,7,7,1,1,1,1,1,3,2025-07-24 20:57:03,2025-07-24 22:57:03,2025-07-24 23:57:03,14.030223513893715,78.03640640283753,Incident reported at Mangaluru hotspot.
166,10440013202600166,202600166,2026-03-25,13,13,1,2,2,2,1,5,2026-03-25 08:29:56,2026-03-25 10:29:56,2026-03-25 11:29:56,16.03107493165744,79.97668057095945,Incident reported at Belagavi hotspot.
167,10440025202600167,202600167,2025-08-27,25,25,1,1,1,1,1,9,2025-08-27 19:57:26,2025-08-27 21:57:26,2025-08-27 22:57:26,20.028737450913546,83.96080956264029,Incident reported at Tumakuru hotspot.
168,10440004202600168,202600168,2026-03-30,4,4,1,2,2,2,1,2,2026-03-30 17:53:02,2026-03-30 19:53:02,2026-03-30 20:53:02,13.037216678290608,77.03585932513379,Incident reported at Mysuru hotspot.
169,10440025202600169,202600169,2025-07-10,25,25,1,2,2,2,1,9,2025-07-10 22:23:37,2025-07-11 00:23:37,2025-07-11 01:23:37,19.972243371754566,84.0316586605597,Incident reported at Tumakuru hotspot.
170,10440010202600170,202600170,2026-02-09,10,10,1,2,2,2,1,4,2026-02-09 18:11:36,2026-02-09 20:11:36,2026-02-09 21:11:36,14.996030323467894,78.98051908673386,Incident reported at Hubballi-Dharwad hotspot.
171,10440013202600171,202600171,2026-06-29,13,13,1,1,1,1,1,5,2026-06-29 08:18:53,2026-06-29 10:18:53,2026-06-29 11:18:53,16.029534549915287,79.97275954874078,Incident reported at Belagavi hotspot.
172,10440022202600172,202600172,2025-08-26,22,22,1,1,1,1,1,8,2025-08-26 17:33:28,2025-08-26 19:33:28,2025-08-26 20:33:28,18.952366443470144,82.96931297883278,Incident reported at Shivamogga hotspot.
173,10440013202600173,202600173,2026-01-26,13,13,1,2,2,2,1,5,2026-01-26 19:16:29,2026-01-26 21:16:29,2026-01-26 22:16:29,15.98282619511977,80.03643529420303,Incident reported at Belagavi hotspot.
174,10440004202600174,202600174,2025-08-12,4,4,1,1,1,1,1,2,2025-08-12 16:32:10,2025-08-12 18:32:10,2025-08-12 19:32:10,13.046688910404836,76.9779124992722,Incident reported at Mysuru hotspot.
175,10440028202600175,202600175,2026-03-07,28,28,1,2,2,2,1,10,2026-03-07 10:36:53,2026-03-07 12:36:53,2026-03-07 13:36:53,21.014148173860765,84.989967838436,Incident reported at Vijayapura hotspot.
176,10440004202600176,202600176,2025-08-09,4,4,1,2,2,2,1,2,2025-08-09 17:23:18,2025-08-09 19:23:18,2025-08-09 20:23:18,13.048114968719826,77.00362157324787,Incident reported at Mysuru hotspot.
177,10440025202600177,202600177,2026-04-30,25,25,1,1,1,1,1,9,2026-04-30 20:24:09,2026-04-30 22:24:09,2026-04-30 23:24:09,20.04392371403247,83.96153417518514,Incident reported at Tumakuru hotspot.
178,10440022202600178,202600178,2025-12-03,22,22,1,1,1,1,1,8,2025-12-03 01:14:55,2025-12-03 03:14:55,2025-12-03 04:14:55,19.047040061102223,82.96785678161724,Incident reported at Shivamogga hotspot.
179,10440016202600179,202600179,2026-01-14,16,16,1,2,2,2,1,6,2026-01-14 05:23:10,2026-01-14 07:23:10,2026-01-14 08:23:10,17.046253431576154,80.9765466362523,Incident reported at Kalaburagi hotspot.
180,10440013202600180,202600180,2026-01-06,13,13,1,2,2,2,1,5,2026-01-06 04:10:13,2026-01-06 06:10:13,2026-01-06 07:10:13,15.960840254721472,79.99345637585647,Incident reported at Belagavi hotspot.
181,10440022202600181,202600181,2025-12-08,22,22,1,1,1,1,1,8,2025-12-08 12:13:34,2025-12-08 14:13:34,2025-12-08 15:13:34,19.022854506065272,82.9813677314195,Incident reported at Shivamogga hotspot.
182,10440004202600182,202600182,2026-03-26,4,4,1,2,2,2,1,2,2026-03-26 00:55:13,2026-03-26 02:55:13,2026-03-26 03:55:13,13.010620885330614,77.00114230596695,Incident reported at Mysuru hotspot.
183,10440028202600183,202600183,2025-11-02,28,28,1,2,2,2,1,10,2025-11-02 23:17:23,2025-11-03 01:17:23,2025-11-03 02:17:23,20.988519543334473,85.00765880434966,Incident reported at Vijayapura hotspot.
184,10440001202600184,202600184,2026-05-03,1,1,1,2,2,2,1,1,2026-05-03 16:38:28,2026-05-03 18:38:28,2026-05-03 19:38:28,12.947072250613859,77.61547852838342,Incident reported at Bengaluru Urban hotspot.
185,10440019202600185,202600185,2025-12-15,19,19,1,1,1,1,1,7,2025-12-15 01:04:54,2025-12-15 03:04:54,2025-12-15 04:04:54,17.950169127821862,82.0425575165499,Incident reported at Ballari hotspot.
186,10440001202600186,202600186,2026-06-11,1,1,1,2,2,2,1,1,2026-06-11 22:10:36,2026-06-12 00:10:36,2026-06-12 01:10:36,12.975445199709279,77.61654299991449,Incident reported at Bengaluru Urban hotspot.
187,10440019202600187,202600187,2026-05-04,19,19,1,2,2,2,1,7,2026-05-04 18:47:57,2026-05-04 20:47:57,2026-05-04 21:47:57,18.02419500778395,82.0170628504433,Incident reported at Ballari hotspot.
188,10440025202600188,202600188,2026-04-28,25,25,1,1,1,1,1,9,2026-04-28 23:37:07,2026-04-29 01:37:07,2026-04-29 02:37:07,19.986422147178125,83.95699738111263,Incident reported at Tumakuru hotspot.
189,10440007202600189,202600189,2026-04-10,7,7,1,2,2,2,1,3,2026-04-10 23:25:03,2026-04-11 01:25:03,2026-04-11 02:25:03,14.016423768491126,77.98302000360425,Incident reported at Mangaluru hotspot.
190,10440007202600190,202600190,2026-01-26,7,7,1,1,1,1,1,3,2026-01-26 03:05:55,2026-01-26 05:05:55,2026-01-26 06:05:55,13.981391564505836,78.03480152795063,Incident reported at Mangaluru hotspot.
191,10440001202600191,202600191,2025-10-03,1,1,1,1,1,1,1,1,2025-10-03 19:50:13,2025-10-03 21:50:13,2025-10-03 22:50:13,12.993575426301396,77.57463222682112,Incident reported at Bengaluru Urban hotspot.
192,10440001202600192,202600192,2025-08-09,1,1,1,2,2,2,1,1,2025-08-09 13:12:57,2025-08-09 15:12:57,2025-08-09 16:12:57,12.952528466220866,77.58543929086193,Incident reported at Bengaluru Urban hotspot.
193,10440004202600193,202600193,2026-02-19,4,4,1,2,2,2,1,2,2026-02-19 18:57:50,2026-02-19 20:57:50,2026-02-19 21:57:50,12.990240038705773,76.97956552025259,Incident reported at Mysuru hotspot.
194,10440025202600194,202600194,2026-02-09,25,25,1,1,1,1,1,9,2026-02-09 07:46:27,2026-02-09 09:46:27,2026-02-09 10:46:27,19.962728779905916,83.99204463337729,Incident reported at Tumakuru hotspot.
195,10440001202600195,202600195,2025-09-25,1,1,1,2,2,2,1,1,2025-09-25 00:20:35,2025-09-25 02:20:35,2025-09-25 03:20:35,13.015636367073018,77.61233179452728,Incident reported at Bengaluru Urban hotspot.
196,10440004202600196,202600196,2025-11-21,4,4,1,1,1,1,1,2,2025-11-21 19:44:38,2025-11-21 21:44:38,2025-11-21 22:44:38,13.040280554573258,77.01155149159514,Incident reported at Mysuru hotspot.
197,10440001202600197,202600197,2025-12-03,1,1,1,1,1,1,1,1,2025-12-03 09:39:58,2025-12-03 11:39:58,2025-12-03 12:39:58,12.951694987456557,77.59939372131358,Incident reported at Bengaluru Urban hotspot.
198,10440022202600198,202600198,2025-10-27,22,22,1,2,2,2,1,8,2025-10-27 13:01:15,2025-10-27 15:01:15,2025-10-27 16:01:15,18.950040593969728,82.97869137168689,Incident reported at Shivamogga hotspot.
199,10440004202600199,202600199,2026-03-24,4,4,1,1,1,1,1,2,2026-03-24 12:58:46,2026-03-24 14:58:46,2026-03-24 15:58:46,12.992988814998984,77.00799847811957,Incident reported at Mysuru hotspot.
200,10440010202600200,202600200,2026-05-19,10,10,1,2,2,2,1,4,2026-05-19 15:12:45,2026-05-19 17:12:45,2026-05-19 18:12:45,15.015470562370307,78.99649881902471,Incident reported at Hubballi-Dharwad hotspot.
201,10440001202600201,202600201,2025-10-23,1,1,1,2,2,2,1,1,2025-10-23 11:25:46,2025-10-23 13:25:46,2025-10-23 14:25:46,12.96581597993048,77.56597014009891,Incident reported at Bengaluru Urban hotspot.
202,10440007202600202,202600202,2026-04-27,7,7,1,1,1,1,1,3,2026-04-27 21:52:24,2026-04-27 23:52:24,2026-04-28 00:52:24,13.997318618590933,78.04011808258282,Incident reported at Mangaluru hotspot.
203,10440013202600203,202600203,2025-11-22,13,13,1,2,2,2,1,5,2025-11-22 16:39:27,2025-11-22 18:39:27,2025-11-22 19:39:27,16.029602476012677,79.9669691396198,Incident reported at Belagavi hotspot.
204,10440001202600204,202600204,2026-01-16,1,1,1,2,2,2,1,1,2026-01-16 15:05:16,2026-01-16 17:05:16,2026-01-16 18:05:16,12.930079553672513,77.59614520099151,Incident reported at Bengaluru Urban hotspot.
205,10440010202600205,202600205,2026-06-01,10,10,1,2,2,2,1,4,2026-06-01 06:49:26,2026-06-01 08:49:26,2026-06-01 09:49:26,15.013294085576579,78.98351882554098,Incident reported at Hubballi-Dharwad hotspot.
206,10440001202600206,202600206,2026-05-16,1,1,1,2,2,2,1,1,2026-05-16 17:05:24,2026-05-16 19:05:24,2026-05-16 20:05:24,13.003442346453667,77.61971381375407,Incident reported at Bengaluru Urban hotspot.
207,10440004202600207,202600207,2026-04-18,4,4,1,2,2,2,1,2,2026-04-18 11:27:18,2026-04-18 13:27:18,2026-04-18 14:27:18,13.017279567055716,76.97246406659973,Incident reported at Mysuru hotspot.
208,10440016202600208,202600208,2026-04-13,16,16,1,2,2,2,1,6,2026-04-13 11:02:48,2026-04-13 13:02:48,2026-04-13 14:02:48,16.969912993272658,80.95244253877269,Incident reported at Kalaburagi hotspot.
209,10440001202600209,202600209,2026-06-30,1,1,1,1,1,1,1,1,2026-06-30 05:12:59,2026-06-30 07:12:59,2026-06-30 08:12:59,12.946084254407836,77.59211363442188,Incident reported at Bengaluru Urban hotspot.
210,10440001202600210,202600210,2025-09-22,1,1,1,1,1,1,1,1,2025-09-22 20:29:36,2025-09-22 22:29:36,2025-09-22 23:29:36,13.006573769462474,77.55188282291846,Incident reported at Bengaluru Urban hotspot.
211,10440016202600211,202600211,2025-12-30,16,16,1,1,1,1,1,6,2025-12-30 17:37:26,2025-12-30 19:37:26,2025-12-30 20:37:26,16.991444101099773,81.01297653807377,Incident reported at Kalaburagi hotspot.
212,10440001202600212,202600212,2025-12-28,1,1,1,2,2,2,1,1,2025-12-28 21:26:35,2025-12-28 23:26:35,2025-12-29 00:26:35,12.941043523673972,77.61423542504905,Incident reported at Bengaluru Urban hotspot.
213,10440001202600213,202600213,2025-12-26,1,1,1,2,2,2,1,1,2025-12-26 10:56:56,2025-12-26 12:56:56,2025-12-26 13:56:56,12.971037716901044,77.56899844395784,Incident reported at Bengaluru Urban hotspot.
214,10440004202600214,202600214,2026-06-05,4,4,1,2,2,2,1,2,2026-06-05 06:56:50,2026-06-05 08:56:50,2026-06-05 09:56:50,13.015605801111178,76.9505544818138,Incident reported at Mysuru hotspot.
215,10440016202600215,202600215,2026-01-31,16,16,1,2,2,2,1,6,2026-01-31 07:56:50,2026-01-31 09:56:50,2026-01-31 10:56:50,17.02509644766185,81.0270046188574,Incident reported at Kalaburagi hotspot.
216,10440028202600216,202600216,2025-10-04,28,28,1,1,1,1,1,10,2025-10-04 18:24:21,2025-10-04 20:24:21,2025-10-04 21:24:21,20.960658729656355,84.99251461939427,Incident reported at Vijayapura hotspot.
217,10440028202600217,202600217,2026-06-06,28,28,1,1,1,1,1,10,2026-06-06 20:49:52,2026-06-06 22:49:52,2026-06-06 23:49:52,20.967588668170652,85.04579660422796,Incident reported at Vijayapura hotspot.
218,10440016202600218,202600218,2026-05-12,16,16,1,1,1,1,1,6,2026-05-12 05:37:07,2026-05-12 07:37:07,2026-05-12 08:37:07,17.001795775044375,80.95502183851407,Incident reported at Kalaburagi hotspot.
219,10440013202600219,202600219,2026-01-25,13,13,1,1,1,1,1,5,2026-01-25 06:10:46,2026-01-25 08:10:46,2026-01-25 09:10:46,15.974919827965998,80.03483363473516,Incident reported at Belagavi hotspot.
220,10440001202600220,202600220,2025-07-02,1,1,1,2,2,2,1,1,2025-07-02 02:54:01,2025-07-02 04:54:01,2025-07-02 05:54:01,12.967246182547017,77.62474166017222,Incident reported at Bengaluru Urban hotspot.
221,10440007202600221,202600221,2025-11-21,7,7,1,1,1,1,1,3,2025-11-21 18:00:05,2025-11-21 20:00:05,2025-11-21 21:00:05,14.016757773258636,78.04878924530665,Incident reported at Mangaluru hotspot.
222,10440001202600222,202600222,2025-08-15,1,1,1,1,1,1,1,1,2025-08-15 19:17:50,2025-08-15 21:17:50,2025-08-15 22:17:50,12.981145231846943,77.63960396084431,Incident reported at Bengaluru Urban hotspot.
223,10440001202600223,202600223,2025-09-15,1,1,1,1,1,1,1,1,2025-09-15 10:33:31,2025-09-15 12:33:31,2025-09-15 13:33:31,13.010742592581044,77.60586523227617,Incident reported at Bengaluru Urban hotspot.
224,10440001202600224,202600224,2026-01-08,1,1,1,2,2,2,1,1,2026-01-08 19:37:51,2026-01-08 21:37:51,2026-01-08 22:37:51,12.993527396127597,77.59507781648244,Incident reported at Bengaluru Urban hotspot.
225,10440025202600225,202600225,2026-01-26,25,25,1,2,2,2,1,9,2026-01-26 20:06:47,2026-01-26 22:06:47,2026-01-26 23:06:47,20.033056916972143,84.00478719506108,Incident reported at Tumakuru hotspot.
226,10440001202600226,202600226,2026-02-22,1,1,1,2,2,2,1,1,2026-02-22 14:46:40,2026-02-22 16:46:40,2026-02-22 17:46:40,13.011320810323326,77.61896554421595,Incident reported at Bengaluru Urban hotspot.
227,10440001202600227,202600227,2026-03-11,1,1,1,2,2,2,1,1,2026-03-11 03:58:45,2026-03-11 05:58:45,2026-03-11 06:58:45,12.969067443682306,77.57051915484651,Incident reported at Bengaluru Urban hotspot.
228,10440022202600228,202600228,2026-06-05,22,22,1,2,2,2,1,8,2026-06-05 16:32:26,2026-06-05 18:32:26,2026-06-05 19:32:26,18.974723973750965,83.01376614367761,Incident reported at Shivamogga hotspot.
229,10440001202600229,202600229,2025-07-05,1,1,1,2,2,2,1,1,2025-07-05 05:47:06,2025-07-05 07:47:06,2025-07-05 08:47:06,12.998181368429718,77.59672998128279,Incident reported at Bengaluru Urban hotspot.
230,10440013202600230,202600230,2025-11-29,13,13,1,2,2,2,1,5,2025-11-29 05:25:03,2025-11-29 07:25:03,2025-11-29 08:25:03,16.01267484369818,79.97745974469176,Incident reported at Belagavi hotspot.
231,10440013202600231,202600231,2025-09-18,13,13,1,1,1,1,1,5,2025-09-18 12:41:51,2025-09-18 14:41:51,2025-09-18 15:41:51,15.957748335386473,79.97857281508631,Incident reported at Belagavi hotspot.
232,10440025202600232,202600232,2026-06-23,25,25,1,2,2,2,1,9,2026-06-23 09:25:34,2026-06-23 11:25:34,2026-06-23 12:25:34,19.977171510708217,83.98197095684188,Incident reported at Tumakuru hotspot.
233,10440007202600233,202600233,2025-09-25,7,7,1,2,2,2,1,3,2025-09-25 02:17:27,2025-09-25 04:17:27,2025-09-25 05:17:27,14.004015222251846,77.96383740615161,Incident reported at Mangaluru hotspot.
234,10440028202600234,202600234,2025-07-14,28,28,1,2,2,2,1,10,2025-07-14 20:03:07,2025-07-14 22:03:07,2025-07-14 23:03:07,20.97312614797282,85.01939498122991,Incident reported at Vijayapura hotspot.
235,10440025202600235,202600235,2026-06-02,25,25,1,1,1,1,1,9,2026-06-02 10:06:57,2026-06-02 12:06:57,2026-06-02 13:06:57,20.020641914169456,83.95642288507139,Incident reported at Tumakuru hotspot.
236,10440016202600236,202600236,2025-12-06,16,16,1,2,2,2,1,6,2025-12-06 05:28:43,2025-12-06 07:28:43,2025-12-06 08:28:43,16.990759936966658,81.0042611140504,Incident reported at Kalaburagi hotspot.
237,10440001202600237,202600237,2025-08-29,1,1,1,1,1,1,1,1,2025-08-29 09:48:44,2025-08-29 11:48:44,2025-08-29 12:48:44,12.963177423410317,77.56528343895144,Incident reported at Bengaluru Urban hotspot.
238,10440028202600238,202600238,2026-01-15,28,28,1,2,2,2,1,10,2026-01-15 12:06:54,2026-01-15 14:06:54,2026-01-15 15:06:54,20.992014351777343,85.04048384783401,Incident reported at Vijayapura hotspot.
239,10440013202600239,202600239,2026-04-10,13,13,1,1,1,1,1,5,2026-04-10 10:09:32,2026-04-10 12:09:32,2026-04-10 13:09:32,16.008407941420423,80.0195522986498,Incident reported at Belagavi hotspot.
240,10440022202600240,202600240,2025-07-27,22,22,1,2,2,2,1,8,2025-07-27 05:26:29,2025-07-27 07:26:29,2025-07-27 08:26:29,19.03567320323039,83.02655945761181,Incident reported at Shivamogga hotspot.
241,10440007202600241,202600241,2026-03-04,7,7,1,2,2,2,1,3,2026-03-04 21:23:18,2026-03-04 23:23:18,2026-03-05 00:23:18,13.988038102892771,77.9505896083584,Incident reported at Mangaluru hotspot.
242,10440001202600242,202600242,2025-07-24,1,1,1,1,1,1,1,1,2025-07-24 15:56:04,2025-07-24 17:56:04,2025-07-24 18:56:04,12.956775880267182,77.61994751250595,Incident reported at Bengaluru Urban hotspot.
243,10440010202600243,202600243,2026-01-02,10,10,1,1,1,1,1,4,2026-01-02 15:11:41,2026-01-02 17:11:41,2026-01-02 18:11:41,15.035344795056911,79.045343033847,Incident reported at Hubballi-Dharwad hotspot.
244,10440013202600244,202600244,2025-11-13,13,13,1,1,1,1,1,5,2025-11-13 01:00:22,2025-11-13 03:00:22,2025-11-13 04:00:22,15.991902128262982,80.0247515668978,Incident reported at Belagavi hotspot.
245,10440028202600245,202600245,2025-07-20,28,28,1,2,2,2,1,10,2025-07-20 17:42:14,2025-07-20 19:42:14,2025-07-20 20:42:14,21.004613230973384,85.01032525889413,Incident reported at Vijayapura hotspot.
246,10440004202600246,202600246,2025-08-06,4,4,1,1,1,1,1,2,2025-08-06 08:43:22,2025-08-06 10:43:22,2025-08-06 11:43:22,12.972053869432381,76.97194216346215,Incident reported at Mysuru hotspot.
247,10440001202600247,202600247,2025-07-15,1,1,1,1,1,1,1,1,2025-07-15 04:39:45,2025-07-15 06:39:45,2025-07-15 07:39:45,12.965183597604664,77.54750248199467,Incident reported at Bengaluru Urban hotspot.
248,10440007202600248,202600248,2026-03-07,7,7,1,1,1,1,1,3,2026-03-07 14:45:10,2026-03-07 16:45:10,2026-03-07 17:45:10,13.983612954369839,78.01791418850283,Incident reported at Mangaluru hotspot.
249,10440001202600249,202600249,2026-05-06,1,1,1,1,1,1,1,1,2026-05-06 04:36:38,2026-05-06 06:36:38,2026-05-06 07:36:38,12.962031666913765,77.56110447312035,Incident reported at Bengaluru Urban hotspot.
250,10440004202600250,202600250,2026-04-23,4,4,1,2,2,2,1,2,2026-04-23 16:42:50,2026-04-23 18:42:50,2026-04-23 19:42:50,12.99673901492323,76.96276277972811,Incident reported at Mysuru hotspot.
251,10440004202600251,202600251,2026-03-05,4,4,1,2,2,2,1,2,2026-03-05 12:43:46,2026-03-05 14:43:46,2026-03-05 15:43:46,13.012225696097406,76.95269664519051,Incident reported at Mysuru hotspot.
252,10440016202600252,202600252,2026-05-16,16,16,1,2,2,2,1,6,2026-05-16 01:39:47,2026-05-16 03:39:47,2026-05-16 04:39:47,16.98940202563397,81.00643919830247,Incident reported at Kalaburagi hotspot.
253,10440022202600253,202600253,2026-02-05,22,22,1,1,1,1,1,8,2026-02-05 10:29:53,2026-02-05 12:29:53,2026-02-05 13:29:53,18.95271020463403,83.01427496480093,Incident reported at Shivamogga hotspot.
254,10440010202600254,202600254,2026-04-20,10,10,1,2,2,2,1,4,2026-04-20 02:22:09,2026-04-20 04:22:09,2026-04-20 05:22:09,14.963569948723057,78.99616984440514,Incident reported at Hubballi-Dharwad hotspot.
255,10440016202600255,202600255,2026-05-19,16,16,1,1,1,1,1,6,2026-05-19 23:09:45,2026-05-20 01:09:45,2026-05-20 02:09:45,16.955028463348864,80.98791038641882,Incident reported at Kalaburagi hotspot.
256,10440028202600256,202600256,2025-08-26,28,28,1,2,2,2,1,10,2025-08-26 16:28:37,2025-08-26 18:28:37,2025-08-26 19:28:37,20.97116602842115,84.98268458048813,Incident reported at Vijayapura hotspot.
257,10440016202600257,202600257,2025-10-20,16,16,1,1,1,1,1,6,2025-10-20 02:06:21,2025-10-20 04:06:21,2025-10-20 05:06:21,17.0261229707894,80.98791262155642,Incident reported at Kalaburagi hotspot.
258,10440028202600258,202600258,2026-05-19,28,28,1,2,2,2,1,10,2026-05-19 18:06:50,2026-05-19 20:06:50,2026-05-19 21:06:50,21.02520098235548,85.03319242851553,Incident reported at Vijayapura hotspot.
259,10440001202600259,202600259,2025-10-20,1,1,1,1,1,1,1,1,2025-10-20 02:29:42,2025-10-20 04:29:42,2025-10-20 05:29:42,12.946827153178239,77.55279062327617,Incident reported at Bengaluru Urban hotspot.
260,10440013202600260,202600260,2025-09-13,13,13,1,1,1,1,1,5,2025-09-13 17:11:44,2025-09-13 19:11:44,2025-09-13 20:11:44,15.951938328705001,80.00394190479226,Incident reported at Belagavi hotspot.
261,10440028202600261,202600261,2025-08-29,28,28,1,2,2,2,1,10,2025-08-29 22:03:20,2025-08-30 00:03:20,2025-08-30 01:03:20,21.04999078285092,84.98499603437202,Incident reported at Vijayapura hotspot.
262,10440001202600262,202600262,2025-11-14,1,1,1,1,1,1,1,1,2025-11-14 01:22:28,2025-11-14 03:22:28,2025-11-14 04:22:28,12.986614409324988,77.62272330496108,Incident reported at Bengaluru Urban hotspot.
263,10440019202600263,202600263,2026-06-06,19,19,1,2,2,2,1,7,2026-06-06 03:34:50,2026-06-06 05:34:50,2026-06-06 06:34:50,18.01517546552439,82.02542332040595,Incident reported at Ballari hotspot.
264,10440025202600264,202600264,2026-03-18,25,25,1,2,2,2,1,9,2026-03-18 02:20:20,2026-03-18 04:20:20,2026-03-18 05:20:20,20.0449611732716,83.96993606823625,Incident reported at Tumakuru hotspot.
265,10440025202600265,202600265,2025-11-23,25,25,1,1,1,1,1,9,2025-11-23 18:04:09,2025-11-23 20:04:09,2025-11-23 21:04:09,19.952038001732035,83.96523823457848,Incident reported at Tumakuru hotspot.
266,10440016202600266,202600266,2025-07-26,16,16,1,1,1,1,1,6,2025-07-26 18:42:51,2025-07-26 20:42:51,2025-07-26 21:42:51,16.962622097487422,81.01694588446199,Incident reported at Kalaburagi hotspot.
267,10440019202600267,202600267,2026-02-15,19,19,1,1,1,1,1,7,2026-02-15 20:17:22,2026-02-15 22:17:22,2026-02-15 23:17:22,18.006396958193,81.97179645409065,Incident reported at Ballari hotspot.
268,10440007202600268,202600268,2026-03-27,7,7,1,1,1,1,1,3,2026-03-27 22:22:32,2026-03-28 00:22:32,2026-03-28 01:22:32,14.019946497124614,78.02668980983563,Incident reported at Mangaluru hotspot.
269,10440010202600269,202600269,2026-04-14,10,10,1,2,2,2,1,4,2026-04-14 04:38:10,2026-04-14 06:38:10,2026-04-14 07:38:10,14.96677891433678,79.0107247493891,Incident reported at Hubballi-Dharwad hotspot.
270,10440007202600270,202600270,2025-10-27,7,7,1,1,1,1,1,3,2025-10-27 16:58:37,2025-10-27 18:58:37,2025-10-27 19:58:37,14.02479256519553,77.96145328713789,Incident reported at Mangaluru hotspot.
271,10440025202600271,202600271,2026-05-05,25,25,1,1,1,1,1,9,2026-05-05 12:17:07,2026-05-05 14:17:07,2026-05-05 15:17:07,20.03193011743111,84.0464720773034,Incident reported at Tumakuru hotspot.
272,10440001202600272,202600272,2025-10-31,1,1,1,1,1,1,1,1,2025-10-31 02:01:01,2025-10-31 04:01:01,2025-10-31 05:01:01,12.932409874965762,77.54716784254974,Incident reported at Bengaluru Urban hotspot.
273,10440028202600273,202600273,2026-02-28,28,28,1,2,2,2,1,10,2026-02-28 18:49:17,2026-02-28 20:49:17,2026-02-28 21:49:17,20.98119572443947,85.01773472868504,Incident reported at Vijayapura hotspot.
274,10440007202600274,202600274,2025-12-13,7,7,1,2,2,2,1,3,2025-12-13 20:35:13,2025-12-13 22:35:13,2025-12-13 23:35:13,14.04581728382059,77.98966544415167,Incident reported at Mangaluru hotspot.
275,10440028202600275,202600275,2026-03-25,28,28,1,2,2,2,1,10,2026-03-25 01:31:57,2026-03-25 03:31:57,2026-03-25 04:31:57,21.021501470504948,84.9575996477843,Incident reported at Vijayapura hotspot.
276,10440010202600276,202600276,2025-08-14,10,10,1,2,2,2,1,4,2025-08-14 04:13:28,2025-08-14 06:13:28,2025-08-14 07:13:28,15.019061441593298,79.0127242395601,Incident reported at Hubballi-Dharwad hotspot.
277,10440013202600277,202600277,2026-05-03,13,13,1,1,1,1,1,5,2026-05-03 10:27:14,2026-05-03 12:27:14,2026-05-03 13:27:14,15.960190130544598,80.02724808849513,Incident reported at Belagavi hotspot.
278,10440001202600278,202600278,2025-12-18,1,1,1,2,2,2,1,1,2025-12-18 11:55:03,2025-12-18 13:55:03,2025-12-18 14:55:03,13.00662932390888,77.60464116148168,Incident reported at Bengaluru Urban hotspot.
279,10440004202600279,202600279,2026-01-08,4,4,1,1,1,1,1,2,2026-01-08 11:27:42,2026-01-08 13:27:42,2026-01-08 14:27:42,12.962105506506731,77.04838443515146,Incident reported at Mysuru hotspot.
280,10440004202600280,202600280,2026-03-19,4,4,1,1,1,1,1,2,2026-03-19 08:30:00,2026-03-19 10:30:00,2026-03-19 11:30:00,13.028263534636102,76.98472037653084,Incident reported at Mysuru hotspot.
281,10440019202600281,202600281,2025-10-24,19,19,1,1,1,1,1,7,2025-10-24 13:47:50,2025-10-24 15:47:50,2025-10-24 16:47:50,17.992837801323475,81.9870570876218,Incident reported at Ballari hotspot.
282,10440001202600282,202600282,2026-01-29,1,1,1,1,1,1,1,1,2026-01-29 20:52:59,2026-01-29 22:52:59,2026-01-29 23:52:59,12.972196078967709,77.57872311748613,Incident reported at Bengaluru Urban hotspot.
283,10440010202600283,202600283,2025-11-18,10,10,1,1,1,1,1,4,2025-11-18 03:02:18,2025-11-18 05:02:18,2025-11-18 06:02:18,15.034957562699958,79.032233091809,Incident reported at Hubballi-Dharwad hotspot.
284,10440028202600284,202600284,2025-09-20,28,28,1,2,2,2,1,10,2025-09-20 07:47:46,2025-09-20 09:47:46,2025-09-20 10:47:46,20.9605538870644,85.04607875672146,Incident reported at Vijayapura hotspot.
285,10440007202600285,202600285,2025-08-11,7,7,1,1,1,1,1,3,2025-08-11 15:04:26,2025-08-11 17:04:26,2025-08-11 18:04:26,14.013558510610144,78.03287073110025,Incident reported at Mangaluru hotspot.
286,10440010202600286,202600286,2025-10-20,10,10,1,1,1,1,1,4,2025-10-20 05:42:00,2025-10-20 07:42:00,2025-10-20 08:42:00,15.020730864370607,78.99354871450076,Incident reported at Hubballi-Dharwad hotspot.
287,10440001202600287,202600287,2026-03-28,1,1,1,2,2,2,1,1,2026-03-28 22:31:26,2026-03-29 00:31:26,2026-03-29 01:31:26,12.99497953040134,77.64114737312381,Incident reported at Bengaluru Urban hotspot.
288,10440016202600288,202600288,2026-05-19,16,16,1,2,2,2,1,6,2026-05-19 13:04:23,2026-05-19 15:04:23,2026-05-19 16:04:23,16.97700823963874,81.03081992188068,Incident reported at Kalaburagi hotspot.
289,10440013202600289,202600289,2025-08-29,13,13,1,1,1,1,1,5,2025-08-29 20:49:30,2025-08-29 22:49:30,2025-08-29 23:49:30,16.003817290644825,79.99834975038831,Incident reported at Belagavi hotspot.
290,10440022202600290,202600290,2025-08-23,22,22,1,2,2,2,1,8,2025-08-23 16:50:20,2025-08-23 18:50:20,2025-08-23 19:50:20,18.99355744930039,83.02310262143051,Incident reported at Shivamogga hotspot.
291,10440016202600291,202600291,2025-08-19,16,16,1,2,2,2,1,6,2025-08-19 04:38:40,2025-08-19 06:38:40,2025-08-19 07:38:40,16.976839553804922,81.03517131600194,Incident reported at Kalaburagi hotspot.
292,10440007202600292,202600292,2026-02-25,7,7,1,1,1,1,1,3,2026-02-25 03:42:49,2026-02-25 05:42:49,2026-02-25 06:42:49,14.03307310188906,77.95866628980556,Incident reported at Mangaluru hotspot.
293,10440016202600293,202600293,2025-10-21,16,16,1,1,1,1,1,6,2025-10-21 15:40:59,2025-10-21 17:40:59,2025-10-21 18:40:59,17.038163118400277,80.9743863439191,Incident reported at Kalaburagi hotspot.
294,10440010202600294,202600294,2025-12-21,10,10,1,2,2,2,1,4,2025-12-21 14:21:27,2025-12-21 16:21:27,2025-12-21 17:21:27,14.996470846660323,79.01103317042305,Incident reported at Hubballi-Dharwad hotspot.
295,10440028202600295,202600295,2025-11-26,28,28,1,2,2,2,1,10,2025-11-26 07:59:44,2025-11-26 09:59:44,2025-11-26 10:59:44,20.987898930412825,84.95286999977701,Incident reported at Vijayapura hotspot.
296,10440025202600296,202600296,2026-05-30,25,25,1,2,2,2,1,9,2026-05-30 14:54:01,2026-05-30 16:54:01,2026-05-30 17:54:01,20.035095283631247,83.96818398571577,Incident reported at Tumakuru hotspot.
297,10440022202600297,202600297,2025-12-01,22,22,1,1,1,1,1,8,2025-12-01 03:03:21,2025-12-01 05:03:21,2025-12-01 06:03:21,18.971211985017973,83.02978323568281,Incident reported at Shivamogga hotspot.
298,10440028202600298,202600298,2025-10-24,28,28,1,1,1,1,1,10,2025-10-24 09:16:28,2025-10-24 11:16:28,2025-10-24 12:16:28,20.98403388431643,85.03803199797582,Incident reported at Vijayapura hotspot.
299,10440019202600299,202600299,2025-09-03,19,19,1,2,2,2,1,7,2025-09-03 04:00:41,2025-09-03 06:00:41,2025-09-03 07:00:41,18.02011837503322,81.97762685757561,Incident reported at Ballari hotspot.
300,10440016202600300,202600300,2026-04-20,16,16,1,1,1,1,1,6,2026-04-20 01:10:46,2026-04-20 03:10:46,2026-04-20 04:10:46,16.95101511144387,81.04480625777771,Incident reported at Kalaburagi hotspot.
301,10440019202600301,202600301,2026-05-12,19,19,1,2,2,2,1,7,2026-05-12 21:48:06,2026-05-12 23:48:06,2026-05-13 00:48:06,17.958561296195803,82.02200746641041,Incident reported at Ballari hotspot.
302,10440016202600302,202600302,2026-01-27,16,16,1,2,2,2,1,6,2026-01-27 16:27:21,2026-01-27 18:27:21,2026-01-27 19:27:21,16.99885778468488,81.02581646534824,Incident reported at Kalaburagi hotspot.
303,10440028202600303,202600303,2026-01-31,28,28,1,1,1,1,1,10,2026-01-31 13:47:48,2026-01-31 15:47:48,2026-01-31 16:47:48,21.01906093394465,85.0145902899741,Incident reported at Vijayapura hotspot.
304,10440007202600304,202600304,2025-09-27,7,7,1,1,1,1,1,3,2025-09-27 18:10:13,2025-09-27 20:10:13,2025-09-27 21:10:13,13.999082133507859,78.02929328681323,Incident reported at Mangaluru hotspot.
305,10440001202600305,202600305,2026-01-05,1,1,1,2,2,2,1,1,2026-01-05 22:25:24,2026-01-06 00:25:24,2026-01-06 01:25:24,12.930905335055467,77.56675964004725,Incident reported at Bengaluru Urban hotspot.
306,10440013202600306,202600306,2026-01-04,13,13,1,2,2,2,1,5,2026-01-04 00:17:25,2026-01-04 02:17:25,2026-01-04 03:17:25,16.01917871552952,79.98062060301301,Incident reported at Belagavi hotspot.
307,10440001202600307,202600307,2026-05-10,1,1,1,1,1,1,1,1,2026-05-10 22:37:22,2026-05-11 00:37:22,2026-05-11 01:37:22,12.979755558533236,77.59192604887595,Incident reported at Bengaluru Urban hotspot.
308,10440022202600308,202600308,2026-05-23,22,22,1,1,1,1,1,8,2026-05-23 12:19:06,2026-05-23 14:19:06,2026-05-23 15:19:06,19.003092193114576,82.99255038127052,Incident reported at Shivamogga hotspot.
309,10440016202600309,202600309,2025-09-20,16,16,1,1,1,1,1,6,2025-09-20 18:55:12,2025-09-20 20:55:12,2025-09-20 21:55:12,17.02459354367136,80.9830791297196,Incident reported at Kalaburagi hotspot.
310,10440004202600310,202600310,2026-02-11,4,4,1,1,1,1,1,2,2026-02-11 08:25:53,2026-02-11 10:25:53,2026-02-11 11:25:53,13.020285494218577,76.97709164269762,Incident reported at Mysuru hotspot.
311,10440007202600311,202600311,2026-03-21,7,7,1,1,1,1,1,3,2026-03-21 18:27:24,2026-03-21 20:27:24,2026-03-21 21:27:24,13.975140367620094,77.96206558847523,Incident reported at Mangaluru hotspot.
312,10440001202600312,202600312,2025-08-07,1,1,1,1,1,1,1,1,2025-08-07 10:46:48,2025-08-07 12:46:48,2025-08-07 13:46:48,12.940858429345152,77.5565554741255,Incident reported at Bengaluru Urban hotspot.
313,10440004202600313,202600313,2026-05-17,4,4,1,2,2,2,1,2,2026-05-17 05:56:40,2026-05-17 07:56:40,2026-05-17 08:56:40,13.003586396538376,77.02621896094841,Incident reported at Mysuru hotspot.
314,10440022202600314,202600314,2025-07-20,22,22,1,1,1,1,1,8,2025-07-20 07:09:25,2025-07-20 09:09:25,2025-07-20 10:09:25,18.968514984243765,82.97163846398786,Incident reported at Shivamogga hotspot.
315,10440028202600315,202600315,2026-05-22,28,28,1,1,1,1,1,10,2026-05-22 04:12:05,2026-05-22 06:12:05,2026-05-22 07:12:05,20.99841985872127,85.02245850010931,Incident reported at Vijayapura hotspot.
316,10440004202600316,202600316,2025-08-05,4,4,1,2,2,2,1,2,2025-08-05 09:57:14,2025-08-05 11:57:14,2025-08-05 12:57:14,13.047660702288306,77.00246368691086,Incident reported at Mysuru hotspot.
317,10440010202600317,202600317,2026-03-17,10,10,1,1,1,1,1,4,2026-03-17 10:10:04,2026-03-17 12:10:04,2026-03-17 13:10:04,14.978299870327495,78.96005261080909,Incident reported at Hubballi-Dharwad hotspot.
318,10440028202600318,202600318,2025-08-25,28,28,1,2,2,2,1,10,2025-08-25 19:49:34,2025-08-25 21:49:34,2025-08-25 22:49:34,20.96941175780911,84.97274831634826,Incident reported at Vijayapura hotspot.
319,10440013202600319,202600319,2026-01-23,13,13,1,2,2,2,1,5,2026-01-23 13:32:21,2026-01-23 15:32:21,2026-01-23 16:32:21,15.96794415436854,79.9514148367256,Incident reported at Belagavi hotspot.
320,10440001202600320,202600320,2025-11-28,1,1,1,1,1,1,1,1,2025-11-28 00:25:45,2025-11-28 02:25:45,2025-11-28 03:25:45,12.975013508926766,77.57203113267833,Incident reported at Bengaluru Urban hotspot.
321,10440013202600321,202600321,2025-08-12,13,13,1,2,2,2,1,5,2025-08-12 21:13:45,2025-08-12 23:13:45,2025-08-13 00:13:45,16.047429493110275,80.00533589667987,Incident reported at Belagavi hotspot.
322,10440004202600322,202600322,2026-06-21,4,4,1,1,1,1,1,2,2026-06-21 06:36:20,2026-06-21 08:36:20,2026-06-21 09:36:20,13.01974173929102,76.96262794929584,Incident reported at Mysuru hotspot.
323,10440013202600323,202600323,2025-08-26,13,13,1,2,2,2,1,5,2025-08-26 18:37:21,2025-08-26 20:37:21,2025-08-26 21:37:21,16.036846119726295,79.99908786945238,Incident reported at Belagavi hotspot.
324,10440007202600324,202600324,2025-12-08,7,7,1,1,1,1,1,3,2025-12-08 09:24:57,2025-12-08 11:24:57,2025-12-08 12:24:57,14.037271973499854,78.00740642196263,Incident reported at Mangaluru hotspot.
325,10440001202600325,202600325,2025-07-25,1,1,1,2,2,2,1,1,2025-07-25 04:52:15,2025-07-25 06:52:15,2025-07-25 07:52:15,12.968539694493051,77.5886468798136,Incident reported at Bengaluru Urban hotspot.
326,10440028202600326,202600326,2025-07-06,28,28,1,2,2,2,1,10,2025-07-06 16:27:04,2025-07-06 18:27:04,2025-07-06 19:27:04,20.968436367039008,84.95513767171836,Incident reported at Vijayapura hotspot.
327,10440025202600327,202600327,2025-12-12,25,25,1,2,2,2,1,9,2025-12-12 14:20:38,2025-12-12 16:20:38,2025-12-12 17:20:38,20.04410635967681,83.99777291872657,Incident reported at Tumakuru hotspot.
328,10440001202600328,202600328,2025-10-10,1,1,1,1,1,1,1,1,2025-10-10 21:49:21,2025-10-10 23:49:21,2025-10-11 00:49:21,13.003811564529943,77.58467074422519,Incident reported at Bengaluru Urban hotspot.
329,10440004202600329,202600329,2025-10-12,4,4,1,2,2,2,1,2,2025-10-12 05:41:17,2025-10-12 07:41:17,2025-10-12 08:41:17,12.957408217025565,77.0129445706952,Incident reported at Mysuru hotspot.
330,10440013202600330,202600330,2026-03-25,13,13,1,2,2,2,1,5,2026-03-25 09:17:16,2026-03-25 11:17:16,2026-03-25 12:17:16,15.955360907429254,79.96491975844737,Incident reported at Belagavi hotspot.
331,10440007202600331,202600331,2025-08-23,7,7,1,2,2,2,1,3,2025-08-23 04:05:49,2025-08-23 06:05:49,2025-08-23 07:05:49,14.006283959708457,77.98038355118422,Incident reported at Mangaluru hotspot.
332,10440004202600332,202600332,2026-04-25,4,4,1,1,1,1,1,2,2026-04-25 18:04:46,2026-04-25 20:04:46,2026-04-25 21:04:46,13.049391812271022,76.96184515622114,Incident reported at Mysuru hotspot.
333,10440028202600333,202600333,2026-05-09,28,28,1,2,2,2,1,10,2026-05-09 21:54:32,2026-05-09 23:54:32,2026-05-10 00:54:32,21.02644434453262,85.0106317651243,Incident reported at Vijayapura hotspot.
334,10440010202600334,202600334,2026-06-23,10,10,1,1,1,1,1,4,2026-06-23 19:36:10,2026-06-23 21:36:10,2026-06-23 22:36:10,15.029074082984343,78.97256871370651,Incident reported at Hubballi-Dharwad hotspot.
335,10440010202600335,202600335,2026-02-22,10,10,1,1,1,1,1,4,2026-02-22 04:54:57,2026-02-22 06:54:57,2026-02-22 07:54:57,15.002257253513022,78.99505144648887,Incident reported at Hubballi-Dharwad hotspot.
336,10440007202600336,202600336,2025-08-05,7,7,1,1,1,1,1,3,2025-08-05 09:36:51,2025-08-05 11:36:51,2025-08-05 12:36:51,13.994272100401933,78.03601666658261,Incident reported at Mangaluru hotspot.
337,10440016202600337,202600337,2026-02-28,16,16,1,1,1,1,1,6,2026-02-28 09:31:12,2026-02-28 11:31:12,2026-02-28 12:31:12,17.04900312604668,80.98053802443194,Incident reported at Kalaburagi hotspot.
338,10440001202600338,202600338,2025-12-11,1,1,1,1,1,1,1,1,2025-12-11 11:08:10,2025-12-11 13:08:10,2025-12-11 14:08:10,12.983702732107215,77.60556309122451,Incident reported at Bengaluru Urban hotspot.
339,10440022202600339,202600339,2025-08-20,22,22,1,2,2,2,1,8,2025-08-20 15:09:02,2025-08-20 17:09:02,2025-08-20 18:09:02,19.024008930548455,83.04475902003254,Incident reported at Shivamogga hotspot.
340,10440007202600340,202600340,2026-03-29,7,7,1,1,1,1,1,3,2026-03-29 14:35:03,2026-03-29 16:35:03,2026-03-29 17:35:03,13.970778790582354,77.97110251953053,Incident reported at Mangaluru hotspot.
341,10440013202600341,202600341,2026-06-23,13,13,1,2,2,2,1,5,2026-06-23 04:59:43,2026-06-23 06:59:43,2026-06-23 07:59:43,16.016042813719203,79.96570570933808,Incident reported at Belagavi hotspot.
342,10440001202600342,202600342,2026-06-11,1,1,1,2,2,2,1,1,2026-06-11 03:06:19,2026-06-11 05:06:19,2026-06-11 06:06:19,12.938981354832643,77.55210648689011,Incident reported at Bengaluru Urban hotspot.
343,10440025202600343,202600343,2025-07-08,25,25,1,1,1,1,1,9,2025-07-08 18:05:30,2025-07-08 20:05:30,2025-07-08 21:05:30,19.950267572260287,83.99505037046177,Incident reported at Tumakuru hotspot.
344,10440001202600344,202600344,2025-10-15,1,1,1,2,2,2,1,1,2025-10-15 08:32:13,2025-10-15 10:32:13,2025-10-15 11:32:13,12.980981119511958,77.5737259289031,Incident reported at Bengaluru Urban hotspot.
345,10440007202600345,202600345,2025-12-10,7,7,1,1,1,1,1,3,2025-12-10 02:30:38,2025-12-10 04:30:38,2025-12-10 05:30:38,13.973147623455603,78.0206955829879,Incident reported at Mangaluru hotspot.
346,10440010202600346,202600346,2026-06-15,10,10,1,1,1,1,1,4,2026-06-15 13:34:08,2026-06-15 15:34:08,2026-06-15 16:34:08,15.020298755809371,78.9954031326407,Incident reported at Hubballi-Dharwad hotspot.
347,10440001202600347,202600347,2026-01-20,1,1,1,1,1,1,1,1,2026-01-20 04:54:54,2026-01-20 06:54:54,2026-01-20 07:54:54,12.990338492007124,77.63699110444826,Incident reported at Bengaluru Urban hotspot.
348,10440016202600348,202600348,2025-08-23,16,16,1,1,1,1,1,6,2025-08-23 09:35:21,2025-08-23 11:35:21,2025-08-23 12:35:21,17.028782802664672,81.01250580071643,Incident reported at Kalaburagi hotspot.
349,10440028202600349,202600349,2025-11-23,28,28,1,1,1,1,1,10,2025-11-23 22:06:40,2025-11-24 00:06:40,2025-11-24 01:06:40,21.016118304285335,85.04336684584455,Incident reported at Vijayapura hotspot.
350,10440013202600350,202600350,2025-11-18,13,13,1,1,1,1,1,5,2025-11-18 08:54:46,2025-11-18 10:54:46,2025-11-18 11:54:46,15.99251389661042,80.00445623787105,Incident reported at Belagavi hotspot.
351,10440010202600351,202600351,2026-01-17,10,10,1,1,1,1,1,4,2026-01-17 22:08:28,2026-01-18 00:08:28,2026-01-18 01:08:28,15.014763472340247,79.04084114452127,Incident reported at Hubballi-Dharwad hotspot.
352,10440001202600352,202600352,2026-03-25,1,1,1,1,1,1,1,1,2026-03-25 08:36:49,2026-03-25 10:36:49,2026-03-25 11:36:49,13.004263115965006,77.55174098368558,Incident reported at Bengaluru Urban hotspot.
353,10440001202600353,202600353,2025-12-11,1,1,1,2,2,2,1,1,2025-12-11 00:16:01,2025-12-11 02:16:01,2025-12-11 03:16:01,12.938192278922074,77.57536118126143,Incident reported at Bengaluru Urban hotspot.
354,10440016202600354,202600354,2026-03-20,16,16,1,1,1,1,1,6,2026-03-20 03:56:30,2026-03-20 05:56:30,2026-03-20 06:56:30,17.024895772206964,81.00692070493191,Incident reported at Kalaburagi hotspot.
355,10440028202600355,202600355,2026-01-02,28,28,1,2,2,2,1,10,2026-01-02 19:01:15,2026-01-02 21:01:15,2026-01-02 22:01:15,20.978861058830585,84.96243536581747,Incident reported at Vijayapura hotspot.
356,10440028202600356,202600356,2026-03-09,28,28,1,1,1,1,1,10,2026-03-09 06:06:07,2026-03-09 08:06:07,2026-03-09 09:06:07,21.01886779912121,85.01997336849757,Incident reported at Vijayapura hotspot.
357,10440019202600357,202600357,2025-07-04,19,19,1,1,1,1,1,7,2025-07-04 01:35:04,2025-07-04 03:35:04,2025-07-04 04:35:04,18.044267624074404,82.0000472177118,Incident reported at Ballari hotspot.
358,10440019202600358,202600358,2025-12-04,19,19,1,1,1,1,1,7,2025-12-04 10:16:13,2025-12-04 12:16:13,2025-12-04 13:16:13,17.999379521934507,81.95804418518993,Incident reported at Ballari hotspot.
359,10440004202600359,202600359,2026-01-18,4,4,1,2,2,2,1,2,2026-01-18 12:47:22,2026-01-18 14:47:22,2026-01-18 15:47:22,12.953986078418362,76.99320286641608,Incident reported at Mysuru hotspot.
360,10440004202600360,202600360,2025-10-09,4,4,1,1,1,1,1,2,2025-10-09 06:47:26,2025-10-09 08:47:26,2025-10-09 09:47:26,12.98223215833583,76.9750367902412,Incident reported at Mysuru hotspot.
361,10440028202600361,202600361,2025-09-05,28,28,1,1,1,1,1,10,2025-09-05 17:10:13,2025-09-05 19:10:13,2025-09-05 20:10:13,20.9591326886631,85.04619111021928,Incident reported at Vijayapura hotspot.
362,10440004202600362,202600362,2026-06-28,4,4,1,1,1,1,1,2,2026-06-28 21:15:31,2026-06-28 23:15:31,2026-06-29 00:15:31,13.033595861390618,77.007519910922,Incident reported at Mysuru hotspot.
363,10440016202600363,202600363,2026-01-17,16,16,1,2,2,2,1,6,2026-01-17 05:21:56,2026-01-17 07:21:56,2026-01-17 08:21:56,17.045078627780637,81.04995724168775,Incident reported at Kalaburagi hotspot.
364,10440001202600364,202600364,2025-12-20,1,1,1,1,1,1,1,1,2025-12-20 14:20:26,2025-12-20 16:20:26,2025-12-20 17:20:26,12.988828158430325,77.5715511025967,Incident reported at Bengaluru Urban hotspot.
365,10440001202600365,202600365,2026-05-06,1,1,1,2,2,2,1,1,2026-05-06 16:10:06,2026-05-06 18:10:06,2026-05-06 19:10:06,12.925623167314463,77.62022688304125,Incident reported at Bengaluru Urban hotspot.
366,10440010202600366,202600366,2025-09-24,10,10,1,2,2,2,1,4,2025-09-24 09:41:43,2025-09-24 11:41:43,2025-09-24 12:41:43,14.997050082325163,79.01515094894337,Incident reported at Hubballi-Dharwad hotspot.
367,10440019202600367,202600367,2025-10-29,19,19,1,1,1,1,1,7,2025-10-29 20:56:42,2025-10-29 22:56:42,2025-10-29 23:56:42,18.041607278792675,81.9681489147223,Incident reported at Ballari hotspot.
368,10440004202600368,202600368,2025-07-05,4,4,1,1,1,1,1,2,2025-07-05 06:06:29,2025-07-05 08:06:29,2025-07-05 09:06:29,13.008532962527786,77.0134784719454,Incident reported at Mysuru hotspot.
369,10440013202600369,202600369,2026-05-22,13,13,1,1,1,1,1,5,2026-05-22 09:12:34,2026-05-22 11:12:34,2026-05-22 12:12:34,15.999172580219101,79.95912424062938,Incident reported at Belagavi hotspot.
370,10440001202600370,202600370,2026-03-10,1,1,1,1,1,1,1,1,2026-03-10 01:38:50,2026-03-10 03:38:50,2026-03-10 04:38:50,12.956396105629466,77.5779308393665,Incident reported at Bengaluru Urban hotspot.
371,10440007202600371,202600371,2026-06-23,7,7,1,2,2,2,1,3,2026-06-23 23:13:35,2026-06-24 01:13:35,2026-06-24 02:13:35,14.01701335095212,78.03577330944003,Incident reported at Mangaluru hotspot.
372,10440010202600372,202600372,2025-12-03,10,10,1,1,1,1,1,4,2025-12-03 05:50:26,2025-12-03 07:50:26,2025-12-03 08:50:26,14.982980366357896,79.01936736739835,Incident reported at Hubballi-Dharwad hotspot.
373,10440019202600373,202600373,2025-08-25,19,19,1,1,1,1,1,7,2025-08-25 03:22:07,2025-08-25 05:22:07,2025-08-25 06:22:07,17.978821779536144,82.04451935395632,Incident reported at Ballari hotspot.
374,10440013202600374,202600374,2026-02-23,13,13,1,1,1,1,1,5,2026-02-23 13:39:37,2026-02-23 15:39:37,2026-02-23 16:39:37,16.031356603473796,80.00500966089717,Incident reported at Belagavi hotspot.
375,10440004202600375,202600375,2026-01-21,4,4,1,2,2,2,1,2,2026-01-21 00:10:46,2026-01-21 02:10:46,2026-01-21 03:10:46,12.995482590860172,76.98145171571701,Incident reported at Mysuru hotspot.
376,10440013202600376,202600376,2025-08-27,13,13,1,2,2,2,1,5,2025-08-27 13:54:20,2025-08-27 15:54:20,2025-08-27 16:54:20,15.9823273786276,80.04701847268086,Incident reported at Belagavi hotspot.
377,10440007202600377,202600377,2025-11-01,7,7,1,2,2,2,1,3,2025-11-01 23:26:58,2025-11-02 01:26:58,2025-11-02 02:26:58,13.990417505700075,78.00145962523291,Incident reported at Mangaluru hotspot.
378,10440013202600378,202600378,2026-01-28,13,13,1,1,1,1,1,5,2026-01-28 00:54:20,2026-01-28 02:54:20,2026-01-28 03:54:20,16.048811921478176,80.01576603864831,Incident reported at Belagavi hotspot.
379,10440007202600379,202600379,2025-09-09,7,7,1,1,1,1,1,3,2025-09-09 00:11:49,2025-09-09 02:11:49,2025-09-09 03:11:49,14.00425935943572,77.99132475707994,Incident reported at Mangaluru hotspot.
380,10440016202600380,202600380,2026-04-24,16,16,1,1,1,1,1,6,2026-04-24 13:16:31,2026-04-24 15:16:31,2026-04-24 16:16:31,16.968758254139452,80.98617793591517,Incident reported at Kalaburagi hotspot.
381,10440010202600381,202600381,2025-11-03,10,10,1,2,2,2,1,4,2025-11-03 11:29:36,2025-11-03 13:29:36,2025-11-03 14:29:36,15.025644315405557,79.0125408742145,Incident reported at Hubballi-Dharwad hotspot.
382,10440028202600382,202600382,2026-03-23,28,28,1,2,2,2,1,10,2026-03-23 21:28:37,2026-03-23 23:28:37,2026-03-24 00:28:37,21.025999053606103,84.97035582383502,Incident reported at Vijayapura hotspot.
383,10440013202600383,202600383,2026-06-26,13,13,1,1,1,1,1,5,2026-06-26 15:22:07,2026-06-26 17:22:07,2026-06-26 18:22:07,16.004921963908533,80.04276727608445,Incident reported at Belagavi hotspot.
384,10440016202600384,202600384,2025-07-06,16,16,1,1,1,1,1,6,2025-07-06 11:38:23,2025-07-06 13:38:23,2025-07-06 14:38:23,16.993811609507237,81.01982500291221,Incident reported at Kalaburagi hotspot.
385,10440001202600385,202600385,2025-10-16,1,1,1,2,2,2,1,1,2025-10-16 03:45:30,2025-10-16 05:45:30,2025-10-16 06:45:30,12.933742608336262,77.64191468158216,Incident reported at Bengaluru Urban hotspot.
386,10440022202600386,202600386,2026-02-02,22,22,1,1,1,1,1,8,2026-02-02 10:49:00,2026-02-02 12:49:00,2026-02-02 13:49:00,19.010887166708198,82.97392974623277,Incident reported at Shivamogga hotspot.
387,10440004202600387,202600387,2026-01-16,4,4,1,2,2,2,1,2,2026-01-16 13:43:05,2026-01-16 15:43:05,2026-01-16 16:43:05,12.965837816380523,77.00508390070027,Incident reported at Mysuru hotspot.
388,10440001202600388,202600388,2025-08-01,1,1,1,2,2,2,1,1,2025-08-01 22:05:08,2025-08-02 00:05:08,2025-08-02 01:05:08,12.976825140905374,77.55392092012815,Incident reported at Bengaluru Urban hotspot.
389,10440010202600389,202600389,2025-10-25,10,10,1,1,1,1,1,4,2025-10-25 01:21:59,2025-10-25 03:21:59,2025-10-25 04:21:59,15.049225713939522,79.04129298784842,Incident reported at Hubballi-Dharwad hotspot.
390,10440004202600390,202600390,2025-09-01,4,4,1,1,1,1,1,2,2025-09-01 22:38:09,2025-09-02 00:38:09,2025-09-02 01:38:09,12.996144789417878,76.96174661490896,Incident reported at Mysuru hotspot.
391,10440004202600391,202600391,2026-04-19,4,4,1,1,1,1,1,2,2026-04-19 05:10:29,2026-04-19 07:10:29,2026-04-19 08:10:29,13.03321431737689,76.99983755047072,Incident reported at Mysuru hotspot.
392,10440010202600392,202600392,2026-04-29,10,10,1,1,1,1,1,4,2026-04-29 08:57:17,2026-04-29 10:57:17,2026-04-29 11:57:17,15.021660332599179,79.00088720150696,Incident reported at Hubballi-Dharwad hotspot.
393,10440001202600393,202600393,2026-05-20,1,1,1,1,1,1,1,1,2026-05-20 05:32:44,2026-05-20 07:32:44,2026-05-20 08:32:44,12.948942489671328,77.62807239455766,Incident reported at Bengaluru Urban hotspot.
394,10440007202600394,202600394,2025-10-23,7,7,1,2,2,2,1,3,2025-10-23 16:44:07,2025-10-23 18:44:07,2025-10-23 19:44:07,14.048024463260338,77.97437309060751,Incident reported at Mangaluru hotspot.
395,10440013202600395,202600395,2025-08-13,13,13,1,2,2,2,1,5,2025-08-13 12:20:43,2025-08-13 14:20:43,2025-08-13 15:20:43,16.005126507688047,79.98835860132472,Incident reported at Belagavi hotspot.
396,10440016202600396,202600396,2026-05-05,16,16,1,1,1,1,1,6,2026-05-05 12:52:49,2026-05-05 14:52:49,2026-05-05 15:52:49,17.042186814993155,81.0008240891593,Incident reported at Kalaburagi hotspot.
397,10440025202600397,202600397,2025-08-03,25,25,1,1,1,1,1,9,2025-08-03 12:07:19,2025-08-03 14:07:19,2025-08-03 15:07:19,20.037932625514646,84.03640269344285,Incident reported at Tumakuru hotspot.
398,10440010202600398,202600398,2025-08-11,10,10,1,2,2,2,1,4,2025-08-11 02:55:37,2025-08-11 04:55:37,2025-08-11 05:55:37,14.977624740282204,79.02900061820031,Incident reported at Hubballi-Dharwad hotspot.
399,10440001202600399,202600399,2025-09-25,1,1,1,2,2,2,1,1,2025-09-25 06:33:36,2025-09-25 08:33:36,2025-09-25 09:33:36,12.963094242355135,77.63802483936826,Incident reported at Bengaluru Urban hotspot.
400,10440004202600400,202600400,2025-11-11,4,4,1,1,1,1,1,2,2025-11-11 16:30:32,2025-11-11 18:30:32,2025-11-11 19:30:32,13.000773767580966,77.03205494731856,Incident reported at Mysuru hotspot.
401,10440001202600401,202600401,2026-01-28,1,1,1,2,2,2,1,1,2026-01-28 12:49:54,2026-01-28 14:49:54,2026-01-28 15:49:54,12.949883898328283,77.57445558497717,Incident reported at Bengaluru Urban hotspot.
402,10440004202600402,202600402,2025-10-20,4,4,1,2,2,2,1,2,2025-10-20 08:10:14,2025-10-20 10:10:14,2025-10-20 11:10:14,13.008693772241417,77.04989023332294,Incident reported at Mysuru hotspot.
403,10440001202600403,202600403,2026-05-08,1,1,1,1,1,1,1,1,2026-05-08 00:14:01,2026-05-08 02:14:01,2026-05-08 03:14:01,12.970564034665571,77.55945954183828,Incident reported at Bengaluru Urban hotspot.
404,10440010202600404,202600404,2026-06-22,10,10,1,2,2,2,1,4,2026-06-22 14:04:39,2026-06-22 16:04:39,2026-06-22 17:04:39,15.003858057770387,78.9845123941693,Incident reported at Hubballi-Dharwad hotspot.
405,10440004202600405,202600405,2025-09-12,4,4,1,2,2,2,1,2,2025-09-12 03:28:46,2025-09-12 05:28:46,2025-09-12 06:28:46,13.005191741707081,77.00434300629587,Incident reported at Mysuru hotspot.
406,10440001202600406,202600406,2026-05-29,1,1,1,2,2,2,1,1,2026-05-29 11:04:58,2026-05-29 13:04:58,2026-05-29 14:04:58,12.967134461686651,77.5767777350229,Incident reported at Bengaluru Urban hotspot.
407,10440016202600407,202600407,2025-10-25,16,16,1,1,1,1,1,6,2025-10-25 13:30:39,2025-10-25 15:30:39,2025-10-25 16:30:39,16.96886523737071,81.01974984276205,Incident reported at Kalaburagi hotspot.
408,10440001202600408,202600408,2025-08-06,1,1,1,1,1,1,1,1,2025-08-06 11:44:29,2025-08-06 13:44:29,2025-08-06 14:44:29,12.97877976419849,77.5679562446058,Incident reported at Bengaluru Urban hotspot.
409,10440013202600409,202600409,2026-02-23,13,13,1,1,1,1,1,5,2026-02-23 01:56:50,2026-02-23 03:56:50,2026-02-23 04:56:50,16.027554447509925,79.95436472990973,Incident reported at Belagavi hotspot.
410,10440010202600410,202600410,2026-03-31,10,10,1,1,1,1,1,4,2026-03-31 10:30:42,2026-03-31 12:30:42,2026-03-31 13:30:42,15.02447051515652,79.0205227881025,Incident reported at Hubballi-Dharwad hotspot.
411,10440028202600411,202600411,2025-11-17,28,28,1,1,1,1,1,10,2025-11-17 08:29:12,2025-11-17 10:29:12,2025-11-17 11:29:12,21.031140890256488,84.9886078752491,Incident reported at Vijayapura hotspot.
412,10440001202600412,202600412,2025-07-29,1,1,1,2,2,2,1,1,2025-07-29 23:41:20,2025-07-30 01:41:20,2025-07-30 02:41:20,12.987968882948454,77.62667475517095,Incident reported at Bengaluru Urban hotspot.
413,10440022202600413,202600413,2026-06-22,22,22,1,1,1,1,1,8,2026-06-22 23:47:22,2026-06-23 01:47:22,2026-06-23 02:47:22,19.048081813865977,82.99953286496164,Incident reported at Shivamogga hotspot.
414,10440013202600414,202600414,2026-05-15,13,13,1,2,2,2,1,5,2026-05-15 11:17:42,2026-05-15 13:17:42,2026-05-15 14:17:42,15.953701961134557,80.0002291150133,Incident reported at Belagavi hotspot.
415,10440004202600415,202600415,2025-12-25,4,4,1,1,1,1,1,2,2025-12-25 18:42:27,2025-12-25 20:42:27,2025-12-25 21:42:27,13.009018042930956,77.03697003133622,Incident reported at Mysuru hotspot.
416,10440028202600416,202600416,2026-02-20,28,28,1,2,2,2,1,10,2026-02-20 09:01:26,2026-02-20 11:01:26,2026-02-20 12:01:26,21.03741903740543,84.99403062097707,Incident reported at Vijayapura hotspot.
417,10440013202600417,202600417,2025-09-17,13,13,1,1,1,1,1,5,2025-09-17 14:15:10,2025-09-17 16:15:10,2025-09-17 17:15:10,16.002595108680755,79.99569280744743,Incident reported at Belagavi hotspot.
418,10440010202600418,202600418,2025-09-13,10,10,1,2,2,2,1,4,2025-09-13 01:36:59,2025-09-13 03:36:59,2025-09-13 04:36:59,15.022244382757064,78.99099786197463,Incident reported at Hubballi-Dharwad hotspot.
419,10440016202600419,202600419,2026-02-21,16,16,1,2,2,2,1,6,2026-02-21 15:37:27,2026-02-21 17:37:27,2026-02-21 18:37:27,17.015478132642773,80.96543612187716,Incident reported at Kalaburagi hotspot.
420,10440001202600420,202600420,2026-03-15,1,1,1,1,1,1,1,1,2026-03-15 17:13:20,2026-03-15 19:13:20,2026-03-15 20:13:20,12.968549060098473,77.64152036305742,Incident reported at Bengaluru Urban hotspot.
421,10440016202600421,202600421,2025-10-04,16,16,1,1,1,1,1,6,2025-10-04 05:49:16,2025-10-04 07:49:16,2025-10-04 08:49:16,16.983856123405143,81.01927045985869,Incident reported at Kalaburagi hotspot.
422,10440022202600422,202600422,2026-04-21,22,22,1,1,1,1,1,8,2026-04-21 22:28:28,2026-04-22 00:28:28,2026-04-22 01:28:28,19.014983665257926,83.03517652923507,Incident reported at Shivamogga hotspot.
423,10440010202600423,202600423,2026-06-27,10,10,1,1,1,1,1,4,2026-06-27 01:13:25,2026-06-27 03:13:25,2026-06-27 04:13:25,15.035234133656589,79.03593421841683,Incident reported at Hubballi-Dharwad hotspot.
424,10440025202600424,202600424,2025-11-06,25,25,1,2,2,2,1,9,2025-11-06 16:08:29,2025-11-06 18:08:29,2025-11-06 19:08:29,19.988000939752265,83.98166611539334,Incident reported at Tumakuru hotspot.
425,10440010202600425,202600425,2026-06-10,10,10,1,1,1,1,1,4,2026-06-10 21:24:24,2026-06-10 23:24:24,2026-06-11 00:24:24,15.021871742522299,79.02594018093343,Incident reported at Hubballi-Dharwad hotspot.
426,10440001202600426,202600426,2026-02-12,1,1,1,1,1,1,1,1,2026-02-12 04:30:58,2026-02-12 06:30:58,2026-02-12 07:30:58,13.008838301739853,77.54818990998376,Incident reported at Bengaluru Urban hotspot.
427,10440007202600427,202600427,2025-08-17,7,7,1,2,2,2,1,3,2025-08-17 01:17:13,2025-08-17 03:17:13,2025-08-17 04:17:13,13.956842074718155,78.01311610168547,Incident reported at Mangaluru hotspot.
428,10440013202600428,202600428,2026-04-26,13,13,1,1,1,1,1,5,2026-04-26 15:38:21,2026-04-26 17:38:21,2026-04-26 18:38:21,16.04209290987803,80.04974259229562,Incident reported at Belagavi hotspot.
429,10440004202600429,202600429,2026-04-06,4,4,1,2,2,2,1,2,2026-04-06 20:13:24,2026-04-06 22:13:24,2026-04-06 23:13:24,13.024676636673792,76.99339714719231,Incident reported at Mysuru hotspot.
430,10440010202600430,202600430,2025-12-24,10,10,1,1,1,1,1,4,2025-12-24 14:04:49,2025-12-24 16:04:49,2025-12-24 17:04:49,14.95984431263832,79.01337478287807,Incident reported at Hubballi-Dharwad hotspot.
431,10440025202600431,202600431,2026-03-06,25,25,1,2,2,2,1,9,2026-03-06 06:45:03,2026-03-06 08:45:03,2026-03-06 09:45:03,20.037257923260707,83.99436785516617,Incident reported at Tumakuru hotspot.
432,10440010202600432,202600432,2025-10-26,10,10,1,2,2,2,1,4,2025-10-26 13:23:04,2025-10-26 15:23:04,2025-10-26 16:23:04,15.019400116279323,79.04034240620504,Incident reported at Hubballi-Dharwad hotspot.
433,10440019202600433,202600433,2025-07-03,19,19,1,1,1,1,1,7,2025-07-03 07:32:38,2025-07-03 09:32:38,2025-07-03 10:32:38,17.95459909686772,82.02961434651623,Incident reported at Ballari hotspot.
434,10440010202600434,202600434,2026-02-11,10,10,1,2,2,2,1,4,2026-02-11 08:08:04,2026-02-11 10:08:04,2026-02-11 11:08:04,14.97933677759652,78.98748410897753,Incident reported at Hubballi-Dharwad hotspot.
435,10440010202600435,202600435,2025-08-04,10,10,1,2,2,2,1,4,2025-08-04 14:13:15,2025-08-04 16:13:15,2025-08-04 17:13:15,14.96455697956994,79.00311663181488,Incident reported at Hubballi-Dharwad hotspot.
436,10440013202600436,202600436,2026-05-18,13,13,1,2,2,2,1,5,2026-05-18 17:04:47,2026-05-18 19:04:47,2026-05-18 20:04:47,16.006592806191595,80.02925194738809,Incident reported at Belagavi hotspot.
437,10440007202600437,202600437,2026-04-08,7,7,1,1,1,1,1,3,2026-04-08 10:02:35,2026-04-08 12:02:35,2026-04-08 13:02:35,13.966998364906809,77.957896835066,Incident reported at Mangaluru hotspot.
438,10440007202600438,202600438,2026-03-19,7,7,1,1,1,1,1,3,2026-03-19 02:02:25,2026-03-19 04:02:25,2026-03-19 05:02:25,14.037083959864486,78.01197103685374,Incident reported at Mangaluru hotspot.
439,10440007202600439,202600439,2025-07-11,7,7,1,2,2,2,1,3,2025-07-11 23:57:38,2025-07-12 01:57:38,2025-07-12 02:57:38,13.974082979185631,78.04128290160236,Incident reported at Mangaluru hotspot.
440,10440013202600440,202600440,2026-06-07,13,13,1,1,1,1,1,5,2026-06-07 06:17:06,2026-06-07 08:17:06,2026-06-07 09:17:06,15.96431177201285,79.9961149913355,Incident reported at Belagavi hotspot.
441,10440007202600441,202600441,2025-11-22,7,7,1,1,1,1,1,3,2025-11-22 08:14:43,2025-11-22 10:14:43,2025-11-22 11:14:43,13.975397733941355,77.97553267081591,Incident reported at Mangaluru hotspot.
442,10440004202600442,202600442,2025-08-12,4,4,1,1,1,1,1,2,2025-08-12 04:16:37,2025-08-12 06:16:37,2025-08-12 07:16:37,12.950939743145486,77.03046330769752,Incident reported at Mysuru hotspot.
443,10440004202600443,202600443,2025-09-27,4,4,1,2,2,2,1,2,2025-09-27 13:29:20,2025-09-27 15:29:20,2025-09-27 16:29:20,13.040120942359888,77.01776108856991,Incident reported at Mysuru hotspot.
444,10440004202600444,202600444,2026-04-19,4,4,1,2,2,2,1,2,2026-04-19 13:33:07,2026-04-19 15:33:07,2026-04-19 16:33:07,12.965797562207179,76.99417297836038,Incident reported at Mysuru hotspot.
445,10440004202600445,202600445,2025-08-23,4,4,1,2,2,2,1,2,2025-08-23 20:17:00,2025-08-23 22:17:00,2025-08-23 23:17:00,12.984556562444308,77.00875717051264,Incident reported at Mysuru hotspot.
446,10440025202600446,202600446,2025-11-01,25,25,1,2,2,2,1,9,2025-11-01 23:03:46,2025-11-02 01:03:46,2025-11-02 02:03:46,20.013893870236,83.99243089384609,Incident reported at Tumakuru hotspot.
447,10440004202600447,202600447,2026-02-24,4,4,1,1,1,1,1,2,2026-02-24 12:17:54,2026-02-24 14:17:54,2026-02-24 15:17:54,12.97500982244077,77.03453039251426,Incident reported at Mysuru hotspot.
448,10440001202600448,202600448,2026-01-16,1,1,1,1,1,1,1,1,2026-01-16 06:31:41,2026-01-16 08:31:41,2026-01-16 09:31:41,12.94152169991089,77.58306932489674,Incident reported at Bengaluru Urban hotspot.
449,10440001202600449,202600449,2026-05-25,1,1,1,1,1,1,1,1,2026-05-25 18:11:56,2026-05-25 20:11:56,2026-05-25 21:11:56,12.969920806105922,77.56832057019275,Incident reported at Bengaluru Urban hotspot.
450,10440001202600450,202600450,2025-12-10,1,1,1,1,1,1,1,1,2025-12-10 23:08:40,2025-12-11 01:08:40,2025-12-11 02:08:40,12.978792269235074,77.60208119301787,Incident reported at Bengaluru Urban hotspot.
451,10440028202600451,202600451,2026-02-27,28,28,1,1,1,1,1,10,2026-02-27 14:13:53,2026-02-27 16:13:53,2026-02-27 17:13:53,21.04926920436269,84.97952307538833,Incident reported at Vijayapura hotspot.
452,10440025202600452,202600452,2025-10-05,25,25,1,2,2,2,1,9,2025-10-05 01:31:07,2025-10-05 03:31:07,2025-10-05 04:31:07,20.047794448457687,84.01582298159286,Incident reported at Tumakuru hotspot.
453,10440028202600453,202600453,2025-12-03,28,28,1,2,2,2,1,10,2025-12-03 11:20:30,2025-12-03 13:20:30,2025-12-03 14:20:30,20.977448038017823,85.00659290169557,Incident reported at Vijayapura hotspot.
454,10440001202600454,202600454,2026-04-07,1,1,1,2,2,2,1,1,2026-04-07 17:04:29,2026-04-07 19:04:29,2026-04-07 20:04:29,12.990179949273402,77.61906688411653,Incident reported at Bengaluru Urban hotspot.
455,10440004202600455,202600455,2025-08-11,4,4,1,2,2,2,1,2,2025-08-11 16:38:08,2025-08-11 18:38:08,2025-08-11 19:38:08,12.9549044250776,77.01064064930765,Incident reported at Mysuru hotspot.
456,10440016202600456,202600456,2025-10-08,16,16,1,2,2,2,1,6,2025-10-08 03:20:16,2025-10-08 05:20:16,2025-10-08 06:20:16,16.99967272865239,81.04041552908937,Incident reported at Kalaburagi hotspot.
457,10440028202600457,202600457,2025-10-06,28,28,1,1,1,1,1,10,2025-10-06 16:01:38,2025-10-06 18:01:38,2025-10-06 19:01:38,20.978619415145918,85.02988601195077,Incident reported at Vijayapura hotspot.
458,10440010202600458,202600458,2025-09-05,10,10,1,2,2,2,1,4,2025-09-05 01:33:35,2025-09-05 03:33:35,2025-09-05 04:33:35,15.010706499816427,78.98523209558353,Incident reported at Hubballi-Dharwad hotspot.
459,10440004202600459,202600459,2025-07-14,4,4,1,2,2,2,1,2,2025-07-14 00:50:32,2025-07-14 02:50:32,2025-07-14 03:50:32,13.01366178780059,77.01208911631304,Incident reported at Mysuru hotspot.
460,10440004202600460,202600460,2025-09-03,4,4,1,2,2,2,1,2,2025-09-03 10:34:45,2025-09-03 12:34:45,2025-09-03 13:34:45,13.017776445862335,77.02209283766707,Incident reported at Mysuru hotspot.
461,10440004202600461,202600461,2025-08-20,4,4,1,1,1,1,1,2,2025-08-20 02:19:09,2025-08-20 04:19:09,2025-08-20 05:19:09,13.015918154031676,77.03383371169625,Incident reported at Mysuru hotspot.
462,10440001202600462,202600462,2025-11-26,1,1,1,2,2,2,1,1,2025-11-26 03:01:25,2025-11-26 05:01:25,2025-11-26 06:01:25,12.98442481036869,77.63494037040729,Incident reported at Bengaluru Urban hotspot.
463,10440004202600463,202600463,2025-09-09,4,4,1,1,1,1,1,2,2025-09-09 00:17:15,2025-09-09 02:17:15,2025-09-09 03:17:15,13.014634060889053,76.98089328839527,Incident reported at Mysuru hotspot.
464,10440016202600464,202600464,2025-10-03,16,16,1,2,2,2,1,6,2025-10-03 11:45:24,2025-10-03 13:45:24,2025-10-03 14:45:24,16.994082319016282,81.00795738053684,Incident reported at Kalaburagi hotspot.
465,10440004202600465,202600465,2025-07-19,4,4,1,1,1,1,1,2,2025-07-19 01:53:12,2025-07-19 03:53:12,2025-07-19 04:53:12,13.023235976793924,76.95901333757462,Incident reported at Mysuru hotspot.
466,10440010202600466,202600466,2025-07-24,10,10,1,1,1,1,1,4,2025-07-24 07:53:24,2025-07-24 09:53:24,2025-07-24 10:53:24,14.979511045162916,79.02474808649384,Incident reported at Hubballi-Dharwad hotspot.
467,10440010202600467,202600467,2026-05-14,10,10,1,1,1,1,1,4,2026-05-14 01:03:38,2026-05-14 03:03:38,2026-05-14 04:03:38,14.96756400704443,78.96321597977467,Incident reported at Hubballi-Dharwad hotspot.
468,10440013202600468,202600468,2025-08-30,13,13,1,2,2,2,1,5,2025-08-30 11:06:39,2025-08-30 13:06:39,2025-08-30 14:06:39,16.003940775898442,80.04714895812113,Incident reported at Belagavi hotspot.
469,10440004202600469,202600469,2026-05-27,4,4,1,2,2,2,1,2,2026-05-27 21:39:10,2026-05-27 23:39:10,2026-05-28 00:39:10,13.003085237370279,77.04134869744817,Incident reported at Mysuru hotspot.
470,10440010202600470,202600470,2025-08-12,10,10,1,2,2,2,1,4,2025-08-12 11:35:27,2025-08-12 13:35:27,2025-08-12 14:35:27,15.03304726195674,78.97569700845632,Incident reported at Hubballi-Dharwad hotspot.
471,10440028202600471,202600471,2025-07-26,28,28,1,1,1,1,1,10,2025-07-26 23:54:52,2025-07-27 01:54:52,2025-07-27 02:54:52,21.03246898125424,84.99818478298738,Incident reported at Vijayapura hotspot.
472,10440016202600472,202600472,2026-06-26,16,16,1,2,2,2,1,6,2026-06-26 06:10:21,2026-06-26 08:10:21,2026-06-26 09:10:21,17.030648849379375,81.0246559350717,Incident reported at Kalaburagi hotspot.
473,10440004202600473,202600473,2025-09-21,4,4,1,1,1,1,1,2,2025-09-21 14:36:55,2025-09-21 16:36:55,2025-09-21 17:36:55,12.983871525380188,76.96151697074498,Incident reported at Mysuru hotspot.
474,10440001202600474,202600474,2025-08-19,1,1,1,1,1,1,1,1,2025-08-19 22:12:31,2025-08-20 00:12:31,2025-08-20 01:12:31,13.017889329286888,77.55867570150059,Incident reported at Bengaluru Urban hotspot.
475,10440013202600475,202600475,2026-01-17,13,13,1,2,2,2,1,5,2026-01-17 04:03:30,2026-01-17 06:03:30,2026-01-17 07:03:30,16.046650020946274,80.03601405968988,Incident reported at Belagavi hotspot.
476,10440013202600476,202600476,2026-06-04,13,13,1,1,1,1,1,5,2026-06-04 06:54:14,2026-06-04 08:54:14,2026-06-04 09:54:14,16.022421671207553,80.04799422427818,Incident reported at Belagavi hotspot.
477,10440004202600477,202600477,2026-05-01,4,4,1,1,1,1,1,2,2026-05-01 01:50:46,2026-05-01 03:50:46,2026-05-01 04:50:46,13.046726974730003,77.03045876440206,Incident reported at Mysuru hotspot.
478,10440025202600478,202600478,2025-07-20,25,25,1,2,2,2,1,9,2025-07-20 03:17:56,2025-07-20 05:17:56,2025-07-20 06:17:56,19.986577504940556,84.02906819685889,Incident reported at Tumakuru hotspot.
479,10440028202600479,202600479,2025-08-03,28,28,1,2,2,2,1,10,2025-08-03 04:00:55,2025-08-03 06:00:55,2025-08-03 07:00:55,20.95139186551009,85.0036572308269,Incident reported at Vijayapura hotspot.
480,10440028202600480,202600480,2025-12-26,28,28,1,1,1,1,1,10,2025-12-26 02:07:55,2025-12-26 04:07:55,2025-12-26 05:07:55,20.99547860277339,85.01728283818737,Incident reported at Vijayapura hotspot.
481,10440028202600481,202600481,2025-12-08,28,28,1,2,2,2,1,10,2025-12-08 18:17:14,2025-12-08 20:17:14,2025-12-08 21:17:14,21.0172340797351,85.00845600916522,Incident reported at Vijayapura hotspot.
482,10440007202600482,202600482,2025-07-31,7,7,1,1,1,1,1,3,2025-07-31 19:29:19,2025-07-31 21:29:19,2025-07-31 22:29:19,14.032241730122678,78.04402918917796,Incident reported at Mangaluru hotspot.
483,10440016202600483,202600483,2026-03-31,16,16,1,2,2,2,1,6,2026-03-31 08:57:48,2026-03-31 10:57:48,2026-03-31 11:57:48,16.960834610219923,80.97338219022116,Incident reported at Kalaburagi hotspot.
484,10440001202600484,202600484,2026-02-22,1,1,1,1,1,1,1,1,2026-02-22 12:48:56,2026-02-22 14:48:56,2026-02-22 15:48:56,12.92410246496465,77.63302348452149,Incident reported at Bengaluru Urban hotspot.
485,10440001202600485,202600485,2026-06-12,1,1,1,1,1,1,1,1,2026-06-12 14:00:23,2026-06-12 16:00:23,2026-06-12 17:00:23,12.977740738224988,77.63612559087431,Incident reported at Bengaluru Urban hotspot.
486,10440019202600486,202600486,2026-04-05,19,19,1,2,2,2,1,7,2026-04-05 18:57:57,2026-04-05 20:57:57,2026-04-05 21:57:57,17.9721367200074,81.95632170411602,Incident reported at Ballari hotspot.
487,10440001202600487,202600487,2025-11-16,1,1,1,1,1,1,1,1,2025-11-16 10:17:59,2025-11-16 12:17:59,2025-11-16 13:17:59,13.003985535139046,77.63553876384279,Incident reported at Bengaluru Urban hotspot.
488,10440001202600488,202600488,2025-07-14,1,1,1,1,1,1,1,1,2025-07-14 19:12:55,2025-07-14 21:12:55,2025-07-14 22:12:55,12.951819017452925,77.58542958557955,Incident reported at Bengaluru Urban hotspot.
489,10440016202600489,202600489,2025-11-02,16,16,1,2,2,2,1,6,2025-11-02 13:20:16,2025-11-02 15:20:16,2025-11-02 16:20:16,16.963977701250723,81.04462615328819,Incident reported at Kalaburagi hotspot.
490,10440028202600490,202600490,2025-12-28,28,28,1,1,1,1,1,10,2025-12-28 07:23:14,2025-12-28 09:23:14,2025-12-28 10:23:14,20.9804364584356,84.99926246189781,Incident reported at Vijayapura hotspot.
491,10440025202600491,202600491,2025-10-12,25,25,1,1,1,1,1,9,2025-10-12 01:27:49,2025-10-12 03:27:49,2025-10-12 04:27:49,19.95971919986218,84.03872593085285,Incident reported at Tumakuru hotspot.
492,10440016202600492,202600492,2025-10-08,16,16,1,2,2,2,1,6,2025-10-08 21:44:04,2025-10-08 23:44:04,2025-10-09 00:44:04,16.963566404870633,80.9953643756889,Incident reported at Kalaburagi hotspot.
493,10440007202600493,202600493,2025-12-28,7,7,1,2,2,2,1,3,2025-12-28 15:32:15,2025-12-28 17:32:15,2025-12-28 18:32:15,14.017048621885017,78.02431401215232,Incident reported at Mangaluru hotspot.
494,10440025202600494,202600494,2025-09-30,25,25,1,1,1,1,1,9,2025-09-30 06:38:51,2025-09-30 08:38:51,2025-09-30 09:38:51,20.044597408577943,83.99191267534147,Incident reported at Tumakuru hotspot.
495,10440004202600495,202600495,2025-12-06,4,4,1,1,1,1,1,2,2025-12-06 16:46:11,2025-12-06 18:46:11,2025-12-06 19:46:11,13.024226901476531,76.96545229024099,Incident reported at Mysuru hotspot.
496,10440007202600496,202600496,2025-12-30,7,7,1,1,1,1,1,3,2025-12-30 11:11:40,2025-12-30 13:11:40,2025-12-30 14:11:40,13.991488452743681,77.95990216347106,Incident reported at Mangaluru hotspot.
497,10440004202600497,202600497,2025-09-08,4,4,1,1,1,1,1,2,2025-09-08 16:06:51,2025-09-08 18:06:51,2025-09-08 19:06:51,12.99893470377896,76.99081158856977,Incident reported at Mysuru hotspot.
498,10440007202600498,202600498,2026-06-09,7,7,1,2,2,2,1,3,2026-06-09 22:25:12,2026-06-10 00:25:12,2026-06-10 01:25:12,14.045152152538106,77.9532716286855,Incident reported at Mangaluru hotspot.
499,10440010202600499,202600499,2025-08-27,10,10,1,2,2,2,1,4,2025-08-27 01:38:35,2025-08-27 03:38:35,2025-08-27 04:38:35,14.987052995873444,78.99433830860607,Incident reported at Hubballi-Dharwad hotspot.
500,10440004202600500,202600500,2025-08-30,4,4,1,1,1,1,1,2,2025-08-30 13:48:59,2025-08-30 15:48:59,2025-08-30 16:48:59,13.045055516985142,77.0355450193306,Incident reported at Mysuru hotspot.
