AccusedMasterID,CaseMasterID,AccusedName,AgeYear,GenderID,PersonID
1,1,Udarsh Ganesh,24,1,A1
2,2,Orinder Halder,47,2,A1
3,3,Imaran Sekhon,40,1,A1
4,4,Samuel Vyas,47,2,A1
5,5,Ekaja Bhagat,23,1,A1
6,6,Zaid Modi,37,1,A1
7,7,Xalak Narayan,27,1,A1
8,8,Ubika Mann,40,2,A1
9,9,Oscar Sengupta,37,2,A1
10,10,Anya Kar,29,1,A1
11,11,Krish Dua,46,1,A1
12,12,Farhan Chadha,26,1,A1
13,13,Udarsh Ganesh,32,1,A1
14,14,Avni Bala,41,1,A1
15,15,Ati Lad,34,1,A1
16,16,Isaiah Bhat,30,2,A1
17,17,Hredhaan Sekhon,23,2,A1
18,18,Qadim Mallick,21,1,A1
19,19,Faras Roy,45,2,A1
20,20,Imaran Kumer,42,2,A1
21,21,Pavani Panchal,29,2,A1
22,22,Tristan Samra,20,1,A1
23,23,Deepa Chand,49,2,A1
24,24,Jairaj Solanki,48,1,A1
25,25,Zehaan Mani,26,2,A1
26,26,Champak Ramachandran,33,1,A1
27,27,Matthew Maharaj,40,2,A1
28,28,Reyansh Gopal,49,2,A1
29,29,Ekta Shukla,50,2,A1
30,30,Advika Barad,29,1,A1
31,31,Frado Sarin,32,1,A1
32,32,Jasmit Yogi,35,1,A1
33,33,Pranav Wable,48,2,A1
34,34,Dalbir Singhal,32,1,A1
35,35,Tripti Pillay,33,2,A1
36,36,Bishakha Biswas,21,1,A1
37,37,Baghyawati Prabhakar,42,2,A1
38,38,Noah Sani,29,1,A1
39,39,Xalak Narayan,40,1,A1
40,40,Vasatika Saran,40,1,A1
41,41,Urmi Srivastava,30,2,A1
42,42,Ranveer Raju,29,2,A1
43,43,Aachal Shetty,32,1,A1
44,44,Maanas Rama,18,2,A1
45,45,Devansh Zachariah,30,1,A1
46,46,Gunbir Char,29,2,A1
47,47,Tristan Samra,27,1,A1
48,48,Anay Deol,41,1,A1
49,49,Saanvi Varma,43,1,A1
50,50,Priya Soman,38,1,A1
51,51,Unni Johal,45,2,A1
52,52,Arya Baria,29,2,A1
53,53,Irya Gera,29,2,A1
54,54,Vasana Sant,36,1,A1
55,55,Ayaan Varughese,43,1,A1
56,56,Xalak Narayan,32,1,A1
57,57,Mekhala Basu,27,2,A1
58,58,Caleb Tailor,33,2,A1
59,59,Yashawini Sachdev,28,1,A1
60,60,Warda Chatterjee,39,2,A1
61,61,Pavani Panchal,33,1,A1
62,62,Rohan Mittal,24,1,A1
63,63,Orinder Halder,44,1,A1
64,64,Inaya Mital,49,2,A1
65,65,Anmol Chandra,42,1,A1
66,66,Anika Jha,32,1,A1
67,67,Anmol Kannan,20,2,A1
68,68,Ekiya Keer,24,1,A1
69,69,Ekbal Bose,42,1,A1
70,70,Yashodhara Virk,23,2,A1
71,71,Vamakshi Agate,48,1,A1
72,72,Nimrat Vaidya,28,2,A1
73,73,Farhan Chadha,39,1,A1
74,74,Vansha Krishnan,44,2,A1
75,75,Ishanvi Agrawal,37,1,A1
76,76,Avni Bala,49,1,A1
77,77,Ayaan Varughese,45,1,A1
78,78,Tripti Pillay,48,1,A1
79,79,Pavani Panchal,28,2,A1
80,80,Vidhi Brar,48,1,A1
81,81,Siddharth Saran,43,2,A1
82,82,Alka Baria,34,1,A1
83,83,Utkarsh Savant,42,1,A1
84,84,Geetika Dutta,42,2,A1
85,85,William Ramaswamy,34,2,A1
86,86,Samaksh More,32,2,A1
87,87,Manya Khanna,27,1,A1
88,88,Samaksh Konda,44,1,A1
89,89,Chavvi Chacko,42,2,A1
90,90,Arjun Guha,48,1,A1
91,91,Advay Sarma,23,2,A1
92,92,Tejas Krishnamurthy,20,1,A1
93,93,Gabriel Sarna,46,1,A1
94,94,Balhaar Kapadia,28,1,A1
95,95,Vasana Kibe,26,1,A1
96,96,Abeer Chahal,45,1,A1
97,97,Aarnav Bumb,27,2,A1
98,98,Omisha Ben,22,1,A1
99,99,Agastya Sarkar,43,2,A1
100,100,Bhavini Palla,47,1,A1
101,101,Anika Pradhan,44,1,A1
102,102,Januja Chandra,27,1,A1
103,103,Tristan Parmar,24,2,A1
104,104,Avni Sawhney,40,2,A1
105,105,Theodore Narula,49,2,A1
106,106,George Krish,43,1,A1
107,107,Harinakshi Bhagat,43,1,A1
108,108,Anya Tella,39,1,A1
109,109,Maanas Rama,35,2,A1
110,110,Chaman De,37,2,A1
111,111,Rohan Dyal,24,1,A1
112,112,Panini Dar,46,2,A1
113,113,Theodore Gola,23,1,A1
114,114,Bhavini Wason,44,2,A1
115,115,Urishilla Zacharia,41,1,A1
116,116,Watika Bath,28,1,A1
117,117,Ishita Sanghvi,50,2,A1
118,118,Champak Ramachandran,19,1,A1
119,119,Tristan Narula,21,1,A1
120,120,Aachal Shetty,41,1,A1
121,121,Qadim Mallick,50,2,A1
122,122,Mugdha Som,25,1,A1
123,123,Onveer Narain,46,1,A1
124,124,Chatresh Toor,48,2,A1
125,125,Abdul Krishnamurthy,34,1,A1
126,126,Zehaan Mani,21,1,A1
127,127,Lakshmi Wason,31,1,A1
128,128,Ekani Gulati,31,2,A1
129,129,Umang Palan,50,1,A1
130,130,Devansh Varma,18,2,A1
131,131,Varsha Thaker,29,1,A1
132,132,Upkaar Prashad,37,2,A1
133,133,Fitan Shukla,42,2,A1
134,134,Lavanya Menon,31,2,A1
135,135,Farhan Iyer,43,1,A1
136,136,Tripti Pillay,41,2,A1
137,137,Farhan Chadha,48,1,A1
138,138,Neha Badami,35,2,A1
139,139,Yashasvi Iyer,34,2,A1
140,140,Champak Ramachandran,33,1,A1
141,141,Wyatt Prabhu,43,2,A1
142,142,Yagnesh Vaidya,19,2,A1
143,143,Bakhshi Anne,34,2,A1
144,144,Reyansh Krishna,20,1,A1
145,145,Idika Malhotra,32,2,A1
146,146,Xalak Ganesh,40,2,A1
147,147,Urvashi Parekh,29,2,A1
148,148,Ayush Majumdar,34,1,A1
149,149,Vyanjana Malhotra,39,1,A1
150,150,Jack Subramanian,37,2,A1
151,151,Falguni Merchant,39,2,A1
152,152,Onveer Bal,47,1,A1
153,153,Sanya Rana,22,2,A1
154,154,Xiti Palla,50,1,A1
155,155,Urmi Raja,42,2,A1
156,156,Advaith Koshy,27,1,A1
157,157,Luke Dugal,39,2,A1
158,158,Ekantika Subramaniam,47,1,A1
159,159,Raksha Gole,29,1,A1
160,160,Oliver Iyer,29,2,A1
161,161,Zilmil Mitter,18,2,A1
162,162,Gabriel Sarna,28,1,A1
163,163,Eiravati Barman,23,1,A1
164,164,Vihaan Bhardwaj,45,2,A1
165,165,Oeshi Agate,48,2,A1
166,166,Hemani Sheth,30,2,A1
167,167,Hiral Master,38,1,A1
168,168,Ayaan Varughese,33,1,A1
169,169,Siddharth Shanker,40,2,A1
170,170,Zehaan Mani,50,2,A1
171,171,William Ramaswamy,37,2,A1
172,172,Aadhya Viswanathan,39,2,A1
173,173,Zayyan Lad,26,2,A1
174,174,Faqid Sangha,49,2,A1
175,175,Ati Dhingra,28,2,A1
176,176,Jack Subramanian,26,1,A1
177,177,Pahal Doshi,50,1,A1
178,178,Charles Raj,20,2,A1
179,179,Turvi Mani,34,1,A1
180,180,Hemang Char,21,1,A1
181,181,Ati Chandran,19,1,A1
182,182,Atharv Barman,44,2,A1
183,183,Chakradev Banik,34,2,A1
184,184,Prisha Lad,31,1,A1
185,185,Janya Mistry,24,2,A1
186,186,Adweta Pal,26,2,A1
187,187,Azaan Ahuja,24,1,A1
188,188,Farhan Chadha,49,1,A1
189,189,Osha Dutt,34,1,A1
190,190,Saanvi Solanki,44,2,A1
191,191,Jack Bedi,49,1,A1
192,192,Falak Seth,48,2,A1
193,193,Ayaan Varughese,23,1,A1
194,194,Ishita Dutt,49,1,A1
195,195,Andrew Halder,50,1,A1
196,196,Tanveer Sarin,24,2,A1
197,197,Priya Thaker,47,2,A1
198,198,Aachal Shetty,24,1,A1
199,199,Thomas Konda,36,2,A1
200,200,Andrew Dhar,38,2,A1
201,201,Lekha Mishra,24,1,A1
202,202,Ayush Majumdar,28,2,A1
203,203,Chaitanya Bassi,46,2,A1
204,204,Gopal Thaman,23,2,A1
205,205,Isha Dutta,29,1,A1
206,206,Bishakha Khalsa,47,2,A1
207,207,Raagini Dewan,48,2,A1
208,208,Leena Murthy,28,1,A1
209,209,Saumya Chaudhary,21,1,A1
210,210,Irya Gera,48,2,A1
211,211,Zehaan Mani,40,1,A1
212,212,Manan Dhillon,26,2,A1
213,213,Charles Saran,25,2,A1
214,214,Yashica Tella,22,2,A1
215,215,Udyati Barad,18,1,A1
216,216,Ayaan Wason,39,1,A1
217,217,Arjun Ravi,33,2,A1
218,218,Laksh Morar,42,1,A1
219,219,Eta Mangal,21,1,A1
220,220,Indira Kota,28,2,A1
221,221,Adweta Pall,28,1,A1
222,222,Mohammed Menon,38,1,A1
223,223,Anthony Pingle,35,1,A1
224,224,Omisha Basu,42,2,A1
225,225,Chakradhar Saraf,23,2,A1
226,226,Wakeeta Bahri,46,1,A1
227,227,Andrew Buch,46,2,A1
228,228,Onveer Narain,19,1,A1
229,229,Victor Walla,20,1,A1
230,230,Yashvi Ramakrishnan,37,1,A1
231,231,Advaith Saxena,47,2,A1
232,232,Jeevika Walla,21,1,A1
233,233,Parth Hayre,39,2,A1
234,234,Maanas Dhingra,41,2,A1
235,235,Gabriel Sarna,32,1,A1
236,236,Champak Grover,36,2,A1
237,237,Tamanna Pal,20,1,A1
238,238,Parth Narang,44,1,A1
239,239,Tristan Narula,30,1,A1
240,240,Peter Atwal,43,1,A1
241,241,Oeshi Badal,30,2,A1
242,242,Theodore Gola,20,1,A1
243,243,Suhani Behl,46,2,A1
244,244,Thomas Naik,50,1,A1
245,245,Aayush Dara,18,1,A1
246,246,Rudra Rajagopalan,45,2,A1
247,247,Pallavi Savant,29,1,A1
248,248,Triveni Balakrishnan,26,1,A1
249,249,Devansh Dyal,38,2,A1
250,250,Yutika Kamdar,33,2,A1
251,251,Chanchal Koshy,39,2,A1
252,252,Shravya Dalal,26,1,A1
253,253,Isaac Bhatti,50,2,A1
254,254,Dayita Krishnan,38,1,A1
255,255,Hritik Dugal,36,2,A1
256,256,Joshua Murty,26,1,A1
257,257,Sachi Ratti,38,1,A1
258,258,Rachana Mani,48,2,A1
259,259,Aayush Anne,36,2,A1
260,260,Edhitha Murty,24,1,A1
261,261,Rushil Chaudhary,21,1,A1
262,262,Gabriel Sarna,28,2,A1
263,263,Neha Chandran,27,1,A1
264,264,Atharv Varghese,36,1,A1
265,265,Wahab Chahal,20,2,A1
266,266,Kai Tiwari,24,1,A1
267,267,Harinakshi Chopra,42,1,A1
268,268,Jacob Choudhary,36,1,A1
269,269,Ekaraj Kurian,42,2,A1
270,270,Triya Chadha,38,1,A1
271,271,Ekiya Keer,30,2,A1
272,272,Leela Lala,41,1,A1
273,273,Joshua Tella,30,2,A1
274,274,Abeer Dutt,22,1,A1
275,275,Xalak Vohra,50,1,A1
276,276,Darsh Sridhar,45,2,A1
277,277,Kevin Nori,26,1,A1
278,278,Madhavi Nayar,34,1,A1
279,279,Oviya Sodhi,27,1,A1
280,280,Xalak Narayan,21,2,A1
281,281,Jack Ramachandran,40,1,A1
282,282,Rajata Kala,38,1,A1
283,283,Yutika Bajaj,22,1,A1
284,284,Ekani Memon,43,1,A1
285,285,Charita Cherian,31,2,A1
286,286,Adweta Rana,36,1,A1
287,287,Yashica Chatterjee,48,1,A1
288,288,Samaksh Konda,46,1,A1
289,289,Jatin Sur,33,1,A1
290,290,Dayamai Tiwari,38,2,A1
291,291,Eesha Nadkarni,25,2,A1
292,292,Saumya Chaudhary,36,1,A1
293,293,Warjas Kurian,41,2,A1
294,294,Rachit Mohan,36,1,A1
295,295,Owen Tripathi,23,1,A1
296,296,Udarsh Ganesh,18,1,A1
297,297,Janya Kaul,31,2,A1
298,298,Aachal Ganesh,31,2,A1
299,299,Jeevika Parikh,22,1,A1
300,300,Charles Raj,39,1,A1
301,301,Aachal Shetty,29,2,A1
302,302,Orinder Mammen,32,2,A1
303,303,Yoshita Ahuja,46,2,A1
304,304,Harini Rajan,19,2,A1
305,305,Champak Tripathi,18,1,A1
306,306,Jonathan Randhawa,20,1,A1
307,307,Manya Ramakrishnan,50,1,A1
308,308,Michael Jha,37,1,A1
309,309,Orinder Halder,42,2,A1
310,310,Gopal Tara,19,2,A1
311,311,Jack Subramanian,26,2,A1
312,312,Vanya Madan,36,1,A1
313,313,Saumya Chaudhary,41,1,A1
314,314,Gabriel Goswami,27,1,A1
315,315,Fitan Saha,43,1,A1
316,316,Jasmit Chanda,40,1,A1
317,317,Ronith Ramakrishnan,50,1,A1
318,318,Jack Subramanian,34,1,A1
319,319,Tripti Pillay,21,2,A1
320,320,Nakul Ramaswamy,22,2,A1
321,321,Vasatika Bhalla,34,1,A1
322,322,Irya Gera,49,2,A1
323,323,Orinder Madan,33,1,A1
324,324,Isaiah Bhat,30,2,A1
325,325,Ranveer Hans,39,2,A1
326,326,Charita Karpe,27,2,A1
327,327,Daksh Chahal,45,1,A1
328,328,Sathvik Chandran,32,2,A1
329,329,Frederick Narang,26,2,A1
330,330,Aarini Tak,47,2,A1
331,331,Vedant Suri,37,2,A1
332,332,Guneet Mital,29,1,A1
333,333,Bhavna Gokhale,26,1,A1
334,334,Janya Kaul,22,1,A1
335,335,Sanaya Bandi,50,1,A1
336,336,Yutika Sodhi,43,1,A1
337,337,Shivansh Dayal,34,2,A1
338,338,Diya Muni,27,2,A1
339,339,Bhanumati Setty,36,1,A1
340,340,Charvi Nayak,50,1,A1
341,341,Ryan Garg,50,1,A1
342,342,Leela Basu,28,1,A1
343,343,Chandran Sampath,29,1,A1
344,344,Anika Prabhu,48,2,A1
345,345,Gabriel Sarna,49,1,A1
346,346,Frederick Narang,32,1,A1
347,347,Chakradhar Bhalla,41,2,A1
348,348,Nitesh Roy,47,1,A1
349,349,Theodore Narula,38,1,A1
350,350,Andrew Sidhu,35,2,A1
351,351,Owen Dalal,29,2,A1
352,352,Ijaya Sahni,41,1,A1
353,353,Hema Parekh,42,1,A1
354,354,Ekta Parikh,40,2,A1
355,355,Jatin Ratta,48,1,A1
356,356,Dipta Dhawan,26,2,A1
357,357,Isaiah Bhat,50,2,A1
358,358,Jonathan Dube,28,2,A1
359,359,Urvashi Sehgal,25,1,A1
360,360,Faras Sridhar,39,1,A1
361,361,Indira Loke,48,2,A1
362,362,Jairaj Prashad,44,1,A1
363,363,Ayush Majumdar,28,1,A1
364,364,Hamsini Nagy,20,1,A1
365,365,Ekiya Keer,29,2,A1
366,366,Meera Dalal,19,2,A1
367,367,Rachana Kari,31,2,A1
368,368,Simon Modi,48,2,A1
369,369,Theodore Gola,27,1,A1
370,370,Chameli Kunda,50,2,A1
371,371,Michael Jha,39,2,A1
372,372,Sneha Patla,22,1,A1
373,373,Eiravati Sachdeva,26,1,A1
374,374,Champak Ramachandran,50,2,A1
375,375,Nidhi Murty,24,1,A1
376,376,Yasti Pant,20,1,A1
377,377,Tripti Pillay,26,1,A1
378,378,Sai Venkatesh,45,2,A1
379,379,Ekaraj Jain,20,2,A1
380,380,Maanas Rama,42,2,A1
381,381,Qushi Pillai,24,2,A1
382,382,Maanas Rama,32,1,A1
383,383,Hemani Sheth,44,2,A1
384,384,Charles Raj,18,1,A1
385,385,Yashoda Sekhon,42,1,A1
386,386,Yug Sachar,38,2,A1
387,387,Edhitha Mannan,27,2,A1
388,388,Upadhriti Ratta,34,2,A1
389,389,Aditya Uppal,45,2,A1
390,390,Harish Bahl,43,1,A1
391,391,Ladli Dar,48,1,A1
392,392,Gaurangi Narain,48,2,A1
393,393,Mohammed Mall,40,2,A1
394,394,Baghyawati Nagi,25,1,A1
395,395,Praneel Hans,28,1,A1
396,396,Avni Bala,39,1,A1
397,397,Janya Kaul,18,1,A1
398,398,Rayaan Parikh,48,2,A1
399,399,Ekiya Keer,32,2,A1
400,400,William Ramaswamy,42,2,A1
401,401,Yadavi Dave,36,1,A1
402,402,Hemang Gandhi,29,2,A1
403,403,Christopher Bajaj,30,2,A1
404,404,Upkaar Prashad,50,1,A1
405,405,Kalpit Pillay,20,2,A1
406,406,Ayaan Varughese,28,1,A1
407,407,Vaishnavi Buch,43,2,A1
408,408,Ekaja Thakkar,43,1,A1
409,409,Yasti Kota,22,1,A1
410,410,Advik Rao,40,2,A1
411,411,Yashoda Barad,35,1,A1
412,412,Bhavini Tak,30,2,A1
413,413,Yahvi Badal,18,2,A1
414,414,Anvi Ben,24,1,A1
415,415,Faqid Loyal,39,1,A1
416,416,Meera Bala,34,2,A1
417,417,Qabil Chada,42,2,A1
418,418,Ekansh Bansal,39,2,A1
419,419,Madhavi Chahal,19,2,A1
420,420,Isaiah Bhat,42,1,A1
421,421,Balendra Walia,32,2,A1
422,422,Ishwar Babu,40,1,A1
423,423,Bhavika Sane,34,1,A1
424,424,Avni Bala,39,1,A1
425,425,Anamika Mand,29,2,A1
426,426,Harish Gokhale,31,2,A1
427,427,Panini Dar,30,2,A1
428,428,Maya Sane,33,1,A1
429,429,Tara D’Alia,31,1,A1
430,430,Sathvik Chandran,40,1,A1
431,431,Chatura Kota,25,1,A1
432,432,Omkaar Thakur,49,1,A1
433,433,Harinakshi Sama,20,2,A1
434,434,Devika Bhat,38,2,A1
435,435,Qabil Tripathi,35,2,A1
436,436,Gabriel Sarna,50,2,A1
437,437,Ryan Rao,26,1,A1
438,438,Jhalak Sant,45,2,A1
439,439,Sara Rajagopalan,20,2,A1
440,440,Nachiket Rana,29,2,A1
441,441,Mason Anne,47,2,A1
442,442,Timothy Batra,18,1,A1
443,443,Urmi Gandhi,24,2,A1
444,444,Madhav Sood,34,1,A1
445,445,Kevin Ravel,33,2,A1
446,446,Bhanumati Sathe,39,2,A1
447,447,Noah Parekh,31,2,A1
448,448,Rayaan Sheth,41,2,A1
449,449,Jason Morar,35,2,A1
450,450,Ayush Majumdar,32,1,A1
451,451,Jagvi Majumdar,33,2,A1
452,452,Chavvi Mangat,30,1,A1
453,453,Urmi Uppal,27,2,A1
454,454,Ishaan Setty,29,2,A1
455,455,Vedika Sarkar,38,2,A1
456,456,Warhi Venkatesh,21,2,A1
457,457,Jairaj Prashad,21,1,A1
458,458,Sanaya Shanker,48,1,A1
459,459,Benjamin Dhar,39,2,A1
460,460,Aarnav Comar,34,2,A1
461,461,Chavvi Gandhi,40,1,A1
462,462,Lekha Ratta,29,2,A1
463,463,Bhavani Khosla,50,2,A1
464,464,Advaith Soni,46,1,A1
465,465,Vihaan Tata,36,2,A1
466,466,Charan Randhawa,27,1,A1
467,467,Lavanya Murty,39,2,A1
468,468,Yashvi Jha,43,1,A1
469,469,Robert More,32,2,A1
470,470,Viraj Chanda,36,2,A1
471,471,Tanish Mukhopadhyay,43,2,A1
472,472,Maanav Tandon,41,2,A1
473,473,Kevin Mand,29,1,A1
474,474,Sathvik Chandran,34,1,A1
475,475,Avni Bala,24,1,A1
476,476,Maanas Rama,21,1,A1
477,477,Abeer Bhatti,23,1,A1
478,478,Tristan Samra,23,2,A1
479,479,Fiyaz Bumb,33,2,A1
480,480,Garima Varma,26,1,A1
481,481,Nitesh Dayal,28,1,A1
482,482,Samaksh Konda,38,2,A1
483,483,Wriddhish Zachariah,35,2,A1
484,484,Vivaan Lad,29,2,A1
485,485,Qasim Bhatti,45,2,A1
486,486,Laban Padmanabhan,48,1,A1
487,487,Gaurav Kar,46,2,A1
488,488,Hemangini Gala,34,1,A1
489,489,Jason Sarkar,18,1,A1
490,490,Dipta Sanghvi,48,1,A1
491,491,Noah Aurora,49,2,A1
492,492,Udarsh Ganesh,45,2,A1
493,493,Omya Chandra,18,2,A1
494,494,Jack Bedi,45,2,A1
495,495,Charles Raj,42,2,A1
496,496,Jairaj Ahuja,45,1,A1
497,497,Indira Vasa,35,2,A1
498,498,Krish Choudhry,35,2,A1
499,499,Isaiah Bhat,29,1,A1
500,500,Janya Kaul,47,2,A1
